,fea_name,gp_label,loc,true_01,isol_01,beta
0,G1-1,1,108,0.0,0.0,0.0
1,G1-2,1,199,0.0,0.0,0.0
2,G1-3,1,264,0.0,0.0,0.0
3,G1-4,1,280,0.0,0.0,0.0
4,G1-5,1,437,0.0,0.0,0.0
5,G1-6,1,633,0.0,0.0,0.0
6,G1-7,1,718,0.0,1.0,0.1414213562373095
7,G1-8,1,846,0.0,0.0,0.0
8,G1-9,1,1009,0.0,0.0,0.0
9,G1-10,1,1181,0.0,0.0,0.0
10,G1-11,1,1334,0.0,0.0,0.0
11,G1-12,1,1399,0.0,0.0,0.0
12,G1-13,1,1525,0.0,0.0,0.0
13,G1-14,1,1637,0.0,0.0,0.0
14,G1-15,1,1743,0.0,0.0,0.0
15,G1-16,1,1755,0.0,0.0,0.0
16,G1-17,1,1905,0.0,0.0,0.0
17,G1-18,1,1961,0.0,0.0,0.0
18,G1-19,1,2142,0.0,0.0,0.0
19,G1-20,1,2317,0.0,0.0,0.0
20,G1-21,1,2393,0.0,0.0,0.0
21,G1-22,1,2477,0.0,0.0,0.0
22,G1-23,1,2495,0.0,0.0,0.0
23,G1-24,1,2581,0.0,0.0,0.0
24,G1-25,1,2672,0.0,0.0,0.0
25,G1-26,1,2679,0.0,0.0,0.0
26,G1-27,1,2728,0.0,0.0,0.0
27,G1-28,1,2827,0.0,0.0,0.0
28,G1-29,1,2845,0.0,0.0,0.0
29,G1-30,1,2872,0.0,0.0,0.0
30,G1-31,1,2897,0.0,0.0,0.0
31,G1-32,1,2977,0.0,0.0,0.0
32,G1-33,1,3176,0.0,0.0,0.0
33,G1-34,1,3234,0.0,0.0,0.0
34,G1-35,1,3245,0.0,0.0,0.0
35,G1-36,1,3442,0.0,0.0,0.0
36,G1-37,1,3570,0.0,0.0,0.0
37,G1-38,1,3660,0.0,0.0,0.0
38,G1-39,1,3714,0.0,0.0,0.0
39,G1-40,1,3902,0.0,0.0,0.0
40,G1-41,1,3991,0.0,0.0,0.0
41,G1-42,1,4001,0.0,1.0,-0.1414213562373095
42,G1-43,1,4151,0.0,0.0,0.0
43,G1-44,1,4238,0.0,0.0,0.0
44,G1-45,1,4375,0.0,0.0,0.0
45,G1-46,1,4516,0.0,0.0,0.0
46,G1-47,1,4583,0.0,1.0,0.1414213562373095
47,G1-48,1,4670,0.0,0.0,0.0
48,G1-49,1,4693,0.0,0.0,0.0
49,G1-50,1,4718,0.0,0.0,0.0
50,G1-51,1,4758,0.0,0.0,0.0
51,G1-52,1,4910,0.0,0.0,0.0
52,G1-53,1,4995,0.0,0.0,0.0
53,G1-54,1,5149,0.0,0.0,0.0
54,G1-55,1,5340,0.0,0.0,0.0
55,G1-56,1,5496,0.0,0.0,0.0
56,G1-57,1,5525,0.0,0.0,0.0
57,G1-58,1,5582,0.0,0.0,0.0
58,G1-59,1,5671,0.0,0.0,0.0
59,G1-60,1,5707,0.0,0.0,0.0
60,G1-61,1,5749,0.0,0.0,0.0
61,G1-62,1,5779,0.0,0.0,0.0
62,G1-63,1,5798,0.0,0.0,0.0
63,G1-64,1,5827,0.0,0.0,0.0
64,G1-65,1,5851,0.0,0.0,0.0
65,G1-66,1,5961,0.0,0.0,0.0
66,G1-67,1,6144,0.0,0.0,0.0
67,G1-68,1,6270,1.0,0.0,0.1414213562373095
68,G1-69,1,6359,1.0,0.0,0.1414213562373095
69,G1-70,1,6522,1.0,0.0,0.1414213562373095
70,G1-71,1,6552,1.0,0.0,0.1414213562373095
71,G1-72,1,6702,1.0,0.0,0.1414213562373095
72,G1-73,1,6834,1.0,0.0,0.1414213562373095
73,G1-74,1,6879,1.0,0.0,0.1414213562373095
74,G1-75,1,6990,1.0,0.0,0.1414213562373095
75,G1-76,1,7162,1.0,0.0,0.1414213562373095
76,G1-77,1,7231,1.0,0.0,0.1414213562373095
77,G1-78,1,7297,1.0,0.0,0.1414213562373095
78,G1-79,1,7399,1.0,0.0,0.1414213562373095
79,G1-80,1,7423,1.0,0.0,0.1414213562373095
80,G1-81,1,7524,1.0,0.0,0.1414213562373095
81,G1-82,1,7606,1.0,0.0,0.1414213562373095
82,G1-83,1,7777,0.0,0.0,0.0
83,G1-84,1,7904,0.0,0.0,0.0
84,G1-85,1,8014,0.0,0.0,0.0
85,G1-86,1,8105,0.0,0.0,0.0
86,G1-87,1,8152,0.0,0.0,0.0
87,G1-88,1,8185,0.0,0.0,0.0
88,G1-89,1,8322,0.0,0.0,0.0
89,G1-90,1,8417,0.0,0.0,0.0
90,G1-91,1,8477,0.0,0.0,0.0
91,G1-92,1,8528,0.0,0.0,0.0
92,G1-93,1,8670,0.0,1.0,0.1414213562373095
93,G1-94,1,8785,0.0,0.0,0.0
94,G1-95,1,8826,0.0,0.0,0.0
95,G1-96,1,9018,0.0,0.0,0.0
96,G1-97,1,9205,0.0,1.0,0.1414213562373095
97,G1-98,1,9351,0.0,0.0,0.0
98,G1-99,1,9507,0.0,0.0,0.0
99,G1-100,1,9547,0.0,0.0,0.0
100,G1-101,1,9593,0.0,0.0,0.0
101,G1-102,1,9729,0.0,0.0,0.0
102,G1-103,1,9791,0.0,1.0,0.1414213562373095
103,G1-104,1,9796,0.0,0.0,0.0
104,G1-105,1,9862,0.0,0.0,0.0
105,G1-106,1,9992,0.0,0.0,0.0
106,G1-107,1,10130,0.0,0.0,0.0
107,G1-108,1,10213,0.0,1.0,-0.1414213562373095
108,G1-109,1,10351,0.0,0.0,0.0
109,G1-110,1,10486,0.0,0.0,0.0
110,G1-111,1,10646,0.0,0.0,0.0
111,G1-112,1,10766,0.0,0.0,0.0
112,G1-113,1,10919,0.0,0.0,0.0
113,G1-114,1,10934,0.0,0.0,0.0
114,G1-115,1,10971,0.0,0.0,0.0
115,G1-116,1,11138,0.0,0.0,0.0
116,G1-117,1,11184,0.0,0.0,0.0
117,G1-118,1,11346,0.0,0.0,0.0
118,G1-119,1,11534,0.0,0.0,0.0
119,G1-120,1,11716,0.0,0.0,0.0
120,G1-121,1,11881,0.0,0.0,0.0
121,G1-122,1,12050,0.0,0.0,0.0
122,G1-123,1,12220,0.0,0.0,0.0
123,G1-124,1,12296,0.0,1.0,-0.1414213562373095
124,G1-125,1,12390,0.0,0.0,0.0
125,G1-126,1,12575,0.0,0.0,0.0
126,G1-127,1,12725,0.0,0.0,0.0
127,G1-128,1,12907,0.0,0.0,0.0
128,G1-129,1,13044,0.0,0.0,0.0
129,G1-130,1,13091,0.0,0.0,0.0
130,G1-131,1,13193,0.0,0.0,0.0
131,G1-132,1,13264,0.0,0.0,0.0
132,G1-133,1,13317,0.0,0.0,0.0
133,G1-134,1,13419,0.0,0.0,0.0
134,G1-135,1,13429,0.0,0.0,0.0
135,G1-136,1,13527,0.0,0.0,0.0
136,G1-137,1,13676,0.0,0.0,0.0
137,G1-138,1,13721,0.0,0.0,0.0
138,G1-139,1,13741,0.0,0.0,0.0
139,G1-140,1,13803,0.0,0.0,0.0
140,G1-141,1,13907,0.0,0.0,0.0
141,G1-142,1,14049,0.0,1.0,-0.1414213562373095
142,G1-143,1,14115,0.0,0.0,0.0
143,G1-144,1,14257,0.0,0.0,0.0
144,G1-145,1,14417,0.0,0.0,0.0
145,G1-146,1,14544,0.0,0.0,0.0
146,G1-147,1,14684,0.0,0.0,0.0
147,G1-148,1,14716,0.0,0.0,0.0
148,G1-149,1,14911,0.0,0.0,0.0
149,G1-150,1,15076,0.0,0.0,0.0
0,G2-1,2,189,0.0,0.0,0.0
1,G2-2,2,203,0.0,0.0,0.0
2,G2-3,2,309,0.0,0.0,0.0
3,G2-4,2,335,0.0,0.0,0.0
4,G2-5,2,350,0.0,0.0,0.0
5,G2-6,2,437,0.0,0.0,0.0
6,G2-7,2,444,0.0,0.0,0.0
7,G2-8,2,598,0.0,0.0,0.0
8,G2-9,2,719,0.0,0.0,0.0
9,G2-10,2,735,0.0,1.0,-0.1414213562373095
10,G2-11,2,870,0.0,0.0,0.0
11,G2-12,2,918,0.0,0.0,0.0
12,G2-13,2,1093,0.0,0.0,0.0
13,G2-14,2,1190,0.0,0.0,0.0
14,G2-15,2,1196,0.0,0.0,0.0
15,G2-16,2,1392,0.0,0.0,0.0
16,G2-17,2,1471,0.0,0.0,0.0
17,G2-18,2,1619,0.0,0.0,0.0
18,G2-19,2,1809,0.0,0.0,0.0
19,G2-20,2,1819,0.0,0.0,0.0
20,G2-21,2,1914,0.0,0.0,0.0
21,G2-22,2,2096,0.0,0.0,0.0
22,G2-23,2,2231,0.0,0.0,0.0
23,G2-24,2,2397,0.0,0.0,0.0
24,G2-25,2,2590,0.0,1.0,-0.1414213562373095
25,G2-26,2,2740,0.0,0.0,0.0
26,G2-27,2,2827,0.0,0.0,0.0
27,G2-28,2,3006,0.0,0.0,0.0
28,G2-29,2,3087,0.0,0.0,0.0
29,G2-30,2,3135,0.0,0.0,0.0
30,G2-31,2,3299,0.0,0.0,0.0
31,G2-32,2,3328,0.0,0.0,0.0
32,G2-33,2,3504,0.0,0.0,0.0
33,G2-34,2,3550,0.0,0.0,0.0
34,G2-35,2,3611,0.0,0.0,0.0
35,G2-36,2,3662,0.0,0.0,0.0
36,G2-37,2,3677,0.0,0.0,0.0
37,G2-38,2,3733,0.0,0.0,0.0
38,G2-39,2,3904,0.0,0.0,0.0
39,G2-40,2,4084,0.0,0.0,0.0
40,G2-41,2,4268,0.0,0.0,0.0
41,G2-42,2,4417,0.0,0.0,0.0
42,G2-43,2,4511,0.0,0.0,0.0
43,G2-44,2,4622,0.0,0.0,0.0
44,G2-45,2,4756,0.0,0.0,0.0
45,G2-46,2,4901,0.0,0.0,0.0
46,G2-47,2,5091,0.0,0.0,0.0
47,G2-48,2,5243,0.0,0.0,0.0
48,G2-49,2,5253,0.0,0.0,0.0
49,G2-50,2,5276,0.0,0.0,0.0
50,G2-51,2,5371,0.0,0.0,0.0
51,G2-52,2,5530,0.0,0.0,0.0
52,G2-53,2,5665,0.0,0.0,0.0
53,G2-54,2,5756,0.0,0.0,0.0
54,G2-55,2,5952,0.0,0.0,0.0
55,G2-56,2,5966,0.0,0.0,0.0
56,G2-57,2,6011,0.0,1.0,0.1414213562373095
57,G2-58,2,6104,0.0,0.0,0.0
58,G2-59,2,6250,0.0,0.0,0.0
59,G2-60,2,6405,0.0,0.0,0.0
60,G2-61,2,6513,0.0,0.0,0.0
61,G2-62,2,6576,0.0,0.0,0.0
62,G2-63,2,6607,0.0,0.0,0.0
63,G2-64,2,6682,0.0,0.0,0.0
64,G2-65,2,6867,0.0,0.0,0.0
65,G2-66,2,6928,0.0,0.0,0.0
66,G2-67,2,6939,0.0,0.0,0.0
67,G2-68,2,7003,1.0,0.0,0.1414213562373095
68,G2-69,2,7141,1.0,0.0,0.1414213562373095
69,G2-70,2,7250,1.0,0.0,0.1414213562373095
70,G2-71,2,7325,1.0,0.0,0.1414213562373095
71,G2-72,2,7356,1.0,0.0,0.1414213562373095
72,G2-73,2,7532,1.0,0.0,0.1414213562373095
73,G2-74,2,7670,1.0,0.0,0.1414213562373095
74,G2-75,2,7837,1.0,0.0,0.1414213562373095
75,G2-76,2,7853,1.0,0.0,0.1414213562373095
76,G2-77,2,7897,1.0,0.0,0.1414213562373095
77,G2-78,2,8083,1.0,0.0,0.1414213562373095
78,G2-79,2,8168,1.0,0.0,0.1414213562373095
79,G2-80,2,8185,1.0,0.0,0.1414213562373095
80,G2-81,2,8292,1.0,0.0,0.1414213562373095
81,G2-82,2,8484,1.0,0.0,0.1414213562373095
82,G2-83,2,8547,0.0,0.0,0.0
83,G2-84,2,8656,0.0,0.0,0.0
84,G2-85,2,8804,0.0,0.0,0.0
85,G2-86,2,8993,0.0,0.0,0.0
86,G2-87,2,9071,0.0,0.0,0.0
87,G2-88,2,9104,0.0,0.0,0.0
88,G2-89,2,9293,0.0,0.0,0.0
89,G2-90,2,9399,0.0,0.0,0.0
90,G2-91,2,9589,0.0,0.0,0.0
91,G2-92,2,9711,0.0,0.0,0.0
92,G2-93,2,9730,0.0,0.0,0.0
93,G2-94,2,9864,0.0,0.0,0.0
94,G2-95,2,9985,0.0,0.0,0.0
95,G2-96,2,10067,0.0,0.0,0.0
96,G2-97,2,10077,0.0,0.0,0.0
97,G2-98,2,10181,0.0,0.0,0.0
98,G2-99,2,10222,0.0,0.0,0.0
99,G2-100,2,10408,0.0,0.0,0.0
100,G2-101,2,10599,0.0,0.0,0.0
101,G2-102,2,10655,0.0,0.0,0.0
102,G2-103,2,10835,0.0,0.0,0.0
103,G2-104,2,10928,0.0,0.0,0.0
104,G2-105,2,10949,0.0,0.0,0.0
105,G2-106,2,11036,0.0,0.0,0.0
106,G2-107,2,11119,0.0,0.0,0.0
107,G2-108,2,11246,0.0,0.0,0.0
108,G2-109,2,11283,0.0,0.0,0.0
109,G2-110,2,11388,0.0,0.0,0.0
110,G2-111,2,11478,0.0,1.0,0.1414213562373095
111,G2-112,2,11604,0.0,0.0,0.0
112,G2-113,2,11745,0.0,0.0,0.0
113,G2-114,2,11837,0.0,0.0,0.0
114,G2-115,2,11879,0.0,0.0,0.0
115,G2-116,2,11893,0.0,0.0,0.0
116,G2-117,2,11965,0.0,0.0,0.0
117,G2-118,2,12116,0.0,0.0,0.0
118,G2-119,2,12213,0.0,1.0,-0.1414213562373095
119,G2-120,2,12321,0.0,0.0,0.0
120,G2-121,2,12457,0.0,0.0,0.0
121,G2-122,2,12505,0.0,0.0,0.0
122,G2-123,2,12554,0.0,0.0,0.0
123,G2-124,2,12723,0.0,0.0,0.0
124,G2-125,2,12803,0.0,0.0,0.0
125,G2-126,2,12828,0.0,0.0,0.0
126,G2-127,2,13022,0.0,1.0,0.1414213562373095
127,G2-128,2,13184,0.0,0.0,0.0
128,G2-129,2,13319,0.0,0.0,0.0
129,G2-130,2,13492,0.0,0.0,0.0
130,G2-131,2,13622,0.0,0.0,0.0
131,G2-132,2,13660,0.0,0.0,0.0
132,G2-133,2,13693,0.0,0.0,0.0
133,G2-134,2,13832,0.0,1.0,0.1414213562373095
134,G2-135,2,13951,0.0,0.0,0.0
135,G2-136,2,14099,0.0,0.0,0.0
136,G2-137,2,14273,0.0,0.0,0.0
137,G2-138,2,14361,0.0,0.0,0.0
138,G2-139,2,14395,0.0,0.0,0.0
139,G2-140,2,14466,0.0,1.0,0.1414213562373095
140,G2-141,2,14603,0.0,0.0,0.0
141,G2-142,2,14696,0.0,0.0,0.0
142,G2-143,2,14809,0.0,0.0,0.0
143,G2-144,2,14921,0.0,0.0,0.0
144,G2-145,2,15011,0.0,0.0,0.0
145,G2-146,2,15127,0.0,0.0,0.0
146,G2-147,2,15239,0.0,0.0,0.0
147,G2-148,2,15269,0.0,0.0,0.0
148,G2-149,2,15447,0.0,1.0,-0.1414213562373095
149,G2-150,2,15631,0.0,0.0,0.0
0,G3-1,3,81,0.0,0.0,0.0
1,G3-2,3,195,0.0,0.0,0.0
2,G3-3,3,292,0.0,0.0,0.0
3,G3-4,3,484,0.0,0.0,0.0
4,G3-5,3,642,0.0,0.0,0.0
5,G3-6,3,827,0.0,0.0,0.0
6,G3-7,3,942,0.0,0.0,0.0
7,G3-8,3,1067,0.0,1.0,0.1414213562373095
8,G3-9,3,1105,0.0,0.0,0.0
9,G3-10,3,1173,0.0,0.0,0.0
10,G3-11,3,1355,0.0,0.0,0.0
11,G3-12,3,1383,0.0,0.0,0.0
12,G3-13,3,1529,0.0,0.0,0.0
13,G3-14,3,1608,0.0,1.0,-0.1414213562373095
14,G3-15,3,1616,0.0,0.0,0.0
15,G3-16,3,1780,0.0,0.0,0.0
16,G3-17,3,1931,0.0,0.0,0.0
17,G3-18,3,2012,0.0,0.0,0.0
18,G3-19,3,2039,0.0,0.0,0.0
19,G3-20,3,2177,0.0,1.0,0.1414213562373095
20,G3-21,3,2192,0.0,0.0,0.0
21,G3-22,3,2352,0.0,0.0,0.0
22,G3-23,3,2449,0.0,0.0,0.0
23,G3-24,3,2549,0.0,0.0,0.0
24,G3-25,3,2657,0.0,0.0,0.0
25,G3-26,3,2760,0.0,0.0,0.0
26,G3-27,3,2891,0.0,0.0,0.0
27,G3-28,3,2912,0.0,0.0,0.0
28,G3-29,3,3097,0.0,0.0,0.0
29,G3-30,3,3274,0.0,0.0,0.0
30,G3-31,3,3449,0.0,1.0,0.1414213562373095
31,G3-32,3,3547,0.0,0.0,0.0
32,G3-33,3,3669,0.0,0.0,0.0
33,G3-34,3,3676,0.0,0.0,0.0
34,G3-35,3,3827,0.0,0.0,0.0
35,G3-36,3,4010,0.0,1.0,-0.1414213562373095
36,G3-37,3,4198,0.0,0.0,0.0
37,G3-38,3,4294,0.0,0.0,0.0
38,G3-39,3,4431,0.0,0.0,0.0
39,G3-40,3,4592,0.0,0.0,0.0
40,G3-41,3,4643,0.0,0.0,0.0
41,G3-42,3,4660,0.0,0.0,0.0
42,G3-43,3,4713,0.0,0.0,0.0
43,G3-44,3,4846,0.0,1.0,0.1414213562373095
44,G3-45,3,4933,0.0,0.0,0.0
45,G3-46,3,5043,0.0,0.0,0.0
46,G3-47,3,5184,0.0,0.0,0.0
47,G3-48,3,5356,0.0,0.0,0.0
48,G3-49,3,5475,0.0,0.0,0.0
49,G3-50,3,5555,0.0,0.0,0.0
50,G3-51,3,5615,0.0,0.0,0.0
51,G3-52,3,5771,0.0,0.0,0.0
52,G3-53,3,5788,0.0,0.0,0.0
53,G3-54,3,5816,0.0,0.0,0.0
54,G3-55,3,5924,0.0,0.0,0.0
55,G3-56,3,5985,0.0,0.0,0.0
56,G3-57,3,6005,0.0,0.0,0.0
57,G3-58,3,6109,0.0,0.0,0.0
58,G3-59,3,6194,0.0,0.0,0.0
59,G3-60,3,6361,0.0,0.0,0.0
60,G3-61,3,6443,0.0,0.0,0.0
61,G3-62,3,6512,0.0,0.0,0.0
62,G3-63,3,6652,0.0,0.0,0.0
63,G3-64,3,6686,0.0,0.0,0.0
64,G3-65,3,6811,0.0,0.0,0.0
65,G3-66,3,6828,0.0,0.0,0.0
66,G3-67,3,6925,0.0,0.0,0.0
67,G3-68,3,7024,1.0,0.0,0.1414213562373095
68,G3-69,3,7207,1.0,0.0,0.1414213562373095
69,G3-70,3,7280,1.0,0.0,0.1414213562373095
70,G3-71,3,7336,1.0,0.0,0.1414213562373095
71,G3-72,3,7369,1.0,0.0,0.1414213562373095
72,G3-73,3,7477,1.0,0.0,0.1414213562373095
73,G3-74,3,7522,1.0,0.0,0.1414213562373095
74,G3-75,3,7703,1.0,0.0,0.1414213562373095
75,G3-76,3,7785,1.0,0.0,0.1414213562373095
76,G3-77,3,7824,1.0,0.0,0.1414213562373095
77,G3-78,3,7895,1.0,0.0,0.1414213562373095
78,G3-79,3,7984,1.0,0.0,0.1414213562373095
79,G3-80,3,8174,1.0,0.0,0.1414213562373095
80,G3-81,3,8215,1.0,0.0,0.1414213562373095
81,G3-82,3,8281,1.0,0.0,0.1414213562373095
82,G3-83,3,8447,0.0,0.0,0.0
83,G3-84,3,8637,0.0,0.0,0.0
84,G3-85,3,8789,0.0,0.0,0.0
85,G3-86,3,8853,0.0,0.0,0.0
86,G3-87,3,8877,0.0,0.0,0.0
87,G3-88,3,8919,0.0,0.0,0.0
88,G3-89,3,9085,0.0,0.0,0.0
89,G3-90,3,9125,0.0,0.0,0.0
90,G3-91,3,9291,0.0,0.0,0.0
91,G3-92,3,9390,0.0,0.0,0.0
92,G3-93,3,9575,0.0,0.0,0.0
93,G3-94,3,9596,0.0,0.0,0.0
94,G3-95,3,9723,0.0,0.0,0.0
95,G3-96,3,9910,0.0,0.0,0.0
96,G3-97,3,10069,0.0,0.0,0.0
97,G3-98,3,10224,0.0,0.0,0.0
98,G3-99,3,10238,0.0,0.0,0.0
99,G3-100,3,10328,0.0,0.0,0.0
100,G3-101,3,10339,0.0,0.0,0.0
101,G3-102,3,10392,0.0,1.0,-0.1414213562373095
102,G3-103,3,10511,0.0,0.0,0.0
103,G3-104,3,10633,0.0,0.0,0.0
104,G3-105,3,10811,0.0,0.0,0.0
105,G3-106,3,10974,0.0,0.0,0.0
106,G3-107,3,11086,0.0,0.0,0.0
107,G3-108,3,11142,0.0,0.0,0.0
108,G3-109,3,11267,0.0,0.0,0.0
109,G3-110,3,11283,0.0,0.0,0.0
110,G3-111,3,11479,0.0,1.0,0.1414213562373095
111,G3-112,3,11628,0.0,0.0,0.0
112,G3-113,3,11806,0.0,0.0,0.0
113,G3-114,3,11978,0.0,0.0,0.0
114,G3-115,3,12031,0.0,0.0,0.0
115,G3-116,3,12066,0.0,0.0,0.0
116,G3-117,3,12089,0.0,0.0,0.0
117,G3-118,3,12146,0.0,1.0,-0.1414213562373095
118,G3-119,3,12197,0.0,0.0,0.0
119,G3-120,3,12288,0.0,0.0,0.0
120,G3-121,3,12451,0.0,0.0,0.0
121,G3-122,3,12588,0.0,0.0,0.0
122,G3-123,3,12762,0.0,0.0,0.0
123,G3-124,3,12771,0.0,0.0,0.0
124,G3-125,3,12883,0.0,0.0,0.0
125,G3-126,3,12919,0.0,0.0,0.0
126,G3-127,3,12956,0.0,0.0,0.0
127,G3-128,3,13105,0.0,0.0,0.0
128,G3-129,3,13195,0.0,0.0,0.0
129,G3-130,3,13295,0.0,0.0,0.0
130,G3-131,3,13320,0.0,0.0,0.0
131,G3-132,3,13361,0.0,0.0,0.0
132,G3-133,3,13443,0.0,0.0,0.0
133,G3-134,3,13504,0.0,0.0,0.0
134,G3-135,3,13666,0.0,0.0,0.0
135,G3-136,3,13774,0.0,0.0,0.0
136,G3-137,3,13930,0.0,0.0,0.0
137,G3-138,3,14052,0.0,0.0,0.0
138,G3-139,3,14090,0.0,0.0,0.0
139,G3-140,3,14160,0.0,0.0,0.0
140,G3-141,3,14187,0.0,0.0,0.0
141,G3-142,3,14213,0.0,0.0,0.0
142,G3-143,3,14296,0.0,0.0,0.0
143,G3-144,3,14311,0.0,0.0,0.0
144,G3-145,3,14380,0.0,0.0,0.0
145,G3-146,3,14546,0.0,0.0,0.0
146,G3-147,3,14741,0.0,0.0,0.0
147,G3-148,3,14763,0.0,0.0,0.0
148,G3-149,3,14957,0.0,0.0,0.0
149,G3-150,3,15059,0.0,0.0,0.0
0,G4-1,4,178,0.0,0.0,0.0
1,G4-2,4,215,0.0,0.0,0.0
2,G4-3,4,363,0.0,0.0,0.0
3,G4-4,4,445,0.0,0.0,0.0
4,G4-5,4,603,0.0,0.0,0.0
5,G4-6,4,657,0.0,0.0,0.0
6,G4-7,4,807,0.0,0.0,0.0
7,G4-8,4,823,0.0,0.0,0.0
8,G4-9,4,980,0.0,0.0,0.0
9,G4-10,4,1037,0.0,0.0,0.0
10,G4-11,4,1051,0.0,0.0,0.0
11,G4-12,4,1151,0.0,0.0,0.0
12,G4-13,4,1326,0.0,1.0,-0.1414213562373095
13,G4-14,4,1424,0.0,0.0,0.0
14,G4-15,4,1474,0.0,0.0,0.0
15,G4-16,4,1642,0.0,0.0,0.0
16,G4-17,4,1806,0.0,0.0,0.0
17,G4-18,4,1961,0.0,0.0,0.0
18,G4-19,4,2140,0.0,0.0,0.0
19,G4-20,4,2188,0.0,0.0,0.0
20,G4-21,4,2245,0.0,0.0,0.0
21,G4-22,4,2378,0.0,0.0,0.0
22,G4-23,4,2515,0.0,0.0,0.0
23,G4-24,4,2605,0.0,0.0,0.0
24,G4-25,4,2674,0.0,0.0,0.0
25,G4-26,4,2759,0.0,0.0,0.0
26,G4-27,4,2775,0.0,0.0,0.0
27,G4-28,4,2867,0.0,0.0,0.0
28,G4-29,4,2968,0.0,0.0,0.0
29,G4-30,4,3063,0.0,0.0,0.0
30,G4-31,4,3127,0.0,0.0,0.0
31,G4-32,4,3241,0.0,0.0,0.0
32,G4-33,4,3356,0.0,0.0,0.0
33,G4-34,4,3402,0.0,0.0,0.0
34,G4-35,4,3508,0.0,0.0,0.0
35,G4-36,4,3513,0.0,0.0,0.0
36,G4-37,4,3589,0.0,0.0,0.0
37,G4-38,4,3675,0.0,0.0,0.0
38,G4-39,4,3798,0.0,0.0,0.0
39,G4-40,4,3817,0.0,0.0,0.0
40,G4-41,4,3874,0.0,0.0,0.0
41,G4-42,4,3969,0.0,0.0,0.0
42,G4-43,4,4127,0.0,0.0,0.0
43,G4-44,4,4155,0.0,0.0,0.0
44,G4-45,4,4188,0.0,0.0,0.0
45,G4-46,4,4354,0.0,0.0,0.0
46,G4-47,4,4418,0.0,0.0,0.0
47,G4-48,4,4575,0.0,0.0,0.0
48,G4-49,4,4668,0.0,0.0,0.0
49,G4-50,4,4832,0.0,0.0,0.0
50,G4-51,4,4992,0.0,1.0,0.1414213562373095
51,G4-52,4,5130,0.0,0.0,0.0
52,G4-53,4,5170,0.0,0.0,0.0
53,G4-54,4,5200,0.0,0.0,0.0
54,G4-55,4,5346,0.0,0.0,0.0
55,G4-56,4,5536,0.0,0.0,0.0
56,G4-57,4,5664,0.0,0.0,0.0
57,G4-58,4,5735,0.0,0.0,0.0
58,G4-59,4,5799,0.0,0.0,0.0
59,G4-60,4,5866,0.0,0.0,0.0
60,G4-61,4,6027,0.0,0.0,0.0
61,G4-62,4,6035,0.0,0.0,0.0
62,G4-63,4,6096,0.0,0.0,0.0
63,G4-64,4,6191,0.0,0.0,0.0
64,G4-65,4,6319,0.0,0.0,0.0
65,G4-66,4,6332,0.0,0.0,0.0
66,G4-67,4,6432,0.0,0.0,0.0
67,G4-68,4,6620,1.0,0.0,-0.1414213562373095
68,G4-69,4,6766,1.0,0.0,-0.1414213562373095
69,G4-70,4,6822,1.0,0.0,-0.1414213562373095
70,G4-71,4,6982,1.0,0.0,-0.1414213562373095
71,G4-72,4,7028,1.0,0.0,-0.1414213562373095
72,G4-73,4,7117,1.0,0.0,-0.1414213562373095
73,G4-74,4,7133,1.0,0.0,-0.1414213562373095
74,G4-75,4,7231,1.0,0.0,-0.1414213562373095
75,G4-76,4,7312,1.0,0.0,-0.1414213562373095
76,G4-77,4,7439,1.0,0.0,-0.1414213562373095
77,G4-78,4,7632,1.0,0.0,-0.1414213562373095
78,G4-79,4,7725,1.0,0.0,-0.1414213562373095
79,G4-80,4,7909,1.0,0.0,-0.1414213562373095
80,G4-81,4,8095,1.0,0.0,-0.1414213562373095
81,G4-82,4,8154,1.0,0.0,-0.1414213562373095
82,G4-83,4,8172,0.0,0.0,0.0
83,G4-84,4,8203,0.0,0.0,0.0
84,G4-85,4,8296,0.0,0.0,0.0
85,G4-86,4,8393,0.0,0.0,0.0
86,G4-87,4,8493,0.0,0.0,0.0
87,G4-88,4,8634,0.0,0.0,0.0
88,G4-89,4,8752,0.0,0.0,0.0
89,G4-90,4,8871,0.0,0.0,0.0
90,G4-91,4,8957,0.0,0.0,0.0
91,G4-92,4,9015,0.0,0.0,0.0
92,G4-93,4,9031,0.0,0.0,0.0
93,G4-94,4,9154,0.0,0.0,0.0
94,G4-95,4,9167,0.0,0.0,0.0
95,G4-96,4,9262,0.0,0.0,0.0
96,G4-97,4,9402,0.0,0.0,0.0
97,G4-98,4,9574,0.0,0.0,0.0
98,G4-99,4,9729,0.0,1.0,-0.1414213562373095
99,G4-100,4,9866,0.0,0.0,0.0
100,G4-101,4,9940,0.0,0.0,0.0
101,G4-102,4,9955,0.0,0.0,0.0
102,G4-103,4,9993,0.0,0.0,0.0
103,G4-104,4,10172,0.0,0.0,0.0
104,G4-105,4,10266,0.0,0.0,0.0
105,G4-106,4,10367,0.0,0.0,0.0
106,G4-107,4,10477,0.0,0.0,0.0
107,G4-108,4,10494,0.0,0.0,0.0
108,G4-109,4,10534,0.0,0.0,0.0
109,G4-110,4,10599,0.0,0.0,0.0
110,G4-111,4,10615,0.0,0.0,0.0
111,G4-112,4,10778,0.0,0.0,0.0
112,G4-113,4,10933,0.0,1.0,-0.1414213562373095
113,G4-114,4,11014,0.0,0.0,0.0
114,G4-115,4,11161,0.0,0.0,0.0
115,G4-116,4,11190,0.0,0.0,0.0
116,G4-117,4,11376,0.0,0.0,0.0
117,G4-118,4,11465,0.0,0.0,0.0
118,G4-119,4,11542,0.0,0.0,0.0
119,G4-120,4,11559,0.0,0.0,0.0
120,G4-121,4,11610,0.0,1.0,-0.1414213562373095
121,G4-122,4,11663,0.0,0.0,0.0
122,G4-123,4,11692,0.0,0.0,0.0
123,G4-124,4,11811,0.0,0.0,0.0
124,G4-125,4,11844,0.0,1.0,-0.1414213562373095
125,G4-126,4,11894,0.0,0.0,0.0
126,G4-127,4,11981,0.0,0.0,0.0
127,G4-128,4,12161,0.0,0.0,0.0
128,G4-129,4,12249,0.0,0.0,0.0
129,G4-130,4,12413,0.0,1.0,0.1414213562373095
130,G4-131,4,12480,0.0,0.0,0.0
131,G4-132,4,12579,0.0,0.0,0.0
132,G4-133,4,12683,0.0,0.0,0.0
133,G4-134,4,12806,0.0,0.0,0.0
134,G4-135,4,12854,0.0,0.0,0.0
135,G4-136,4,12992,0.0,1.0,0.1414213562373095
136,G4-137,4,13058,0.0,0.0,0.0
137,G4-138,4,13214,0.0,0.0,0.0
138,G4-139,4,13287,0.0,0.0,0.0
139,G4-140,4,13411,0.0,0.0,0.0
140,G4-141,4,13552,0.0,0.0,0.0
141,G4-142,4,13570,0.0,0.0,0.0
142,G4-143,4,13575,0.0,0.0,0.0
143,G4-144,4,13646,0.0,0.0,0.0
144,G4-145,4,13738,0.0,0.0,0.0
145,G4-146,4,13880,0.0,0.0,0.0
146,G4-147,4,13897,0.0,0.0,0.0
147,G4-148,4,13945,0.0,0.0,0.0
148,G4-149,4,14010,0.0,0.0,0.0
149,G4-150,4,14121,0.0,1.0,0.1414213562373095
0,G5-1,5,21,0.0,0.0,0.0
1,G5-2,5,180,0.0,0.0,0.0
2,G5-3,5,309,0.0,0.0,0.0
3,G5-4,5,469,0.0,0.0,0.0
4,G5-5,5,622,0.0,0.0,0.0
5,G5-6,5,724,0.0,0.0,0.0
6,G5-7,5,874,0.0,1.0,0.1414213562373095
7,G5-8,5,968,0.0,0.0,0.0
8,G5-9,5,1085,0.0,0.0,0.0
9,G5-10,5,1099,0.0,0.0,0.0
10,G5-11,5,1217,0.0,0.0,0.0
11,G5-12,5,1261,0.0,0.0,0.0
12,G5-13,5,1312,0.0,1.0,0.1414213562373095
13,G5-14,5,1332,0.0,0.0,0.0
14,G5-15,5,1350,0.0,0.0,0.0
15,G5-16,5,1500,0.0,0.0,0.0
16,G5-17,5,1691,0.0,0.0,0.0
17,G5-18,5,1793,0.0,0.0,0.0
18,G5-19,5,1990,0.0,0.0,0.0
19,G5-20,5,2115,0.0,0.0,0.0
20,G5-21,5,2291,0.0,0.0,0.0
21,G5-22,5,2419,0.0,0.0,0.0
22,G5-23,5,2558,0.0,0.0,0.0
23,G5-24,5,2734,0.0,1.0,0.1414213562373095
24,G5-25,5,2764,0.0,0.0,0.0
25,G5-26,5,2963,0.0,0.0,0.0
26,G5-27,5,3033,0.0,0.0,0.0
27,G5-28,5,3152,0.0,0.0,0.0
28,G5-29,5,3249,0.0,1.0,0.1414213562373095
29,G5-30,5,3373,0.0,0.0,0.0
30,G5-31,5,3453,0.0,0.0,0.0
31,G5-32,5,3523,0.0,0.0,0.0
32,G5-33,5,3694,0.0,0.0,0.0
33,G5-34,5,3871,0.0,0.0,0.0
34,G5-35,5,3930,0.0,0.0,0.0
35,G5-36,5,3957,0.0,0.0,0.0
36,G5-37,5,4130,0.0,0.0,0.0
37,G5-38,5,4141,0.0,0.0,0.0
38,G5-39,5,4335,0.0,0.0,0.0
39,G5-40,5,4409,0.0,1.0,0.1414213562373095
40,G5-41,5,4525,0.0,0.0,0.0
41,G5-42,5,4620,0.0,0.0,0.0
42,G5-43,5,4699,0.0,0.0,0.0
43,G5-44,5,4753,0.0,0.0,0.0
44,G5-45,5,4921,0.0,0.0,0.0
45,G5-46,5,5106,0.0,0.0,0.0
46,G5-47,5,5240,0.0,0.0,0.0
47,G5-48,5,5384,0.0,0.0,0.0
48,G5-49,5,5537,0.0,0.0,0.0
49,G5-50,5,5584,0.0,0.0,0.0
50,G5-51,5,5754,0.0,0.0,0.0
51,G5-52,5,5764,0.0,0.0,0.0
52,G5-53,5,5795,0.0,0.0,0.0
53,G5-54,5,5950,0.0,0.0,0.0
54,G5-55,5,6143,0.0,0.0,0.0
55,G5-56,5,6159,0.0,0.0,0.0
56,G5-57,5,6174,0.0,0.0,0.0
57,G5-58,5,6282,0.0,0.0,0.0
58,G5-59,5,6299,0.0,0.0,0.0
59,G5-60,5,6342,0.0,0.0,0.0
60,G5-61,5,6526,0.0,0.0,0.0
61,G5-62,5,6682,0.0,0.0,0.0
62,G5-63,5,6805,0.0,0.0,0.0
63,G5-64,5,6821,0.0,0.0,0.0
64,G5-65,5,6840,0.0,0.0,0.0
65,G5-66,5,6990,0.0,0.0,0.0
66,G5-67,5,7055,0.0,0.0,0.0
67,G5-68,5,7233,1.0,0.0,-0.1414213562373095
68,G5-69,5,7276,1.0,0.0,-0.1414213562373095
69,G5-70,5,7344,1.0,0.0,-0.1414213562373095
70,G5-71,5,7501,1.0,0.0,-0.1414213562373095
71,G5-72,5,7674,1.0,0.0,-0.1414213562373095
72,G5-73,5,7689,1.0,0.0,-0.1414213562373095
73,G5-74,5,7840,1.0,0.0,-0.1414213562373095
74,G5-75,5,7888,1.0,0.0,-0.1414213562373095
75,G5-76,5,8004,1.0,0.0,-0.1414213562373095
76,G5-77,5,8106,1.0,0.0,-0.1414213562373095
77,G5-78,5,8273,1.0,0.0,-0.1414213562373095
78,G5-79,5,8465,1.0,0.0,-0.1414213562373095
79,G5-80,5,8530,1.0,0.0,-0.1414213562373095
80,G5-81,5,8621,1.0,0.0,-0.1414213562373095
81,G5-82,5,8786,1.0,0.0,-0.1414213562373095
82,G5-83,5,8798,0.0,0.0,0.0
83,G5-84,5,8809,0.0,0.0,0.0
84,G5-85,5,8839,0.0,0.0,0.0
85,G5-86,5,8986,0.0,0.0,0.0
86,G5-87,5,9156,0.0,0.0,0.0
87,G5-88,5,9289,0.0,0.0,0.0
88,G5-89,5,9469,0.0,0.0,0.0
89,G5-90,5,9528,0.0,0.0,0.0
90,G5-91,5,9697,0.0,0.0,0.0
91,G5-92,5,9872,0.0,0.0,0.0
92,G5-93,5,9941,0.0,0.0,0.0
93,G5-94,5,10124,0.0,0.0,0.0
94,G5-95,5,10169,0.0,0.0,0.0
95,G5-96,5,10293,0.0,0.0,0.0
96,G5-97,5,10350,0.0,0.0,0.0
97,G5-98,5,10358,0.0,0.0,0.0
98,G5-99,5,10400,0.0,0.0,0.0
99,G5-100,5,10563,0.0,0.0,0.0
100,G5-101,5,10601,0.0,0.0,0.0
101,G5-102,5,10688,0.0,0.0,0.0
102,G5-103,5,10708,0.0,0.0,0.0
103,G5-104,5,10889,0.0,0.0,0.0
104,G5-105,5,10922,0.0,0.0,0.0
105,G5-106,5,11114,0.0,0.0,0.0
106,G5-107,5,11219,0.0,0.0,0.0
107,G5-108,5,11231,0.0,0.0,0.0
108,G5-109,5,11331,0.0,0.0,0.0
109,G5-110,5,11377,0.0,0.0,0.0
110,G5-111,5,11516,0.0,1.0,0.1414213562373095
111,G5-112,5,11539,0.0,0.0,0.0
112,G5-113,5,11728,0.0,0.0,0.0
113,G5-114,5,11762,0.0,0.0,0.0
114,G5-115,5,11917,0.0,0.0,0.0
115,G5-116,5,12032,0.0,0.0,0.0
116,G5-117,5,12219,0.0,0.0,0.0
117,G5-118,5,12328,0.0,0.0,0.0
118,G5-119,5,12449,0.0,1.0,-0.1414213562373095
119,G5-120,5,12524,0.0,0.0,0.0
120,G5-121,5,12655,0.0,0.0,0.0
121,G5-122,5,12738,0.0,0.0,0.0
122,G5-123,5,12926,0.0,0.0,0.0
123,G5-124,5,13105,0.0,0.0,0.0
124,G5-125,5,13130,0.0,0.0,0.0
125,G5-126,5,13211,0.0,1.0,-0.1414213562373095
126,G5-127,5,13278,0.0,0.0,0.0
127,G5-128,5,13426,0.0,0.0,0.0
128,G5-129,5,13544,0.0,0.0,0.0
129,G5-130,5,13719,0.0,0.0,0.0
130,G5-131,5,13818,0.0,0.0,0.0
131,G5-132,5,13851,0.0,0.0,0.0
132,G5-133,5,13860,0.0,0.0,0.0
133,G5-134,5,13917,0.0,0.0,0.0
134,G5-135,5,14020,0.0,0.0,0.0
135,G5-136,5,14203,0.0,0.0,0.0
136,G5-137,5,14364,0.0,0.0,0.0
137,G5-138,5,14498,0.0,0.0,0.0
138,G5-139,5,14628,0.0,0.0,0.0
139,G5-140,5,14717,0.0,0.0,0.0
140,G5-141,5,14814,0.0,0.0,0.0
141,G5-142,5,14988,0.0,0.0,0.0
142,G5-143,5,15145,0.0,0.0,0.0
143,G5-144,5,15334,0.0,0.0,0.0
144,G5-145,5,15464,0.0,0.0,0.0
145,G5-146,5,15526,0.0,1.0,0.1414213562373095
146,G5-147,5,15688,0.0,0.0,0.0
147,G5-148,5,15735,0.0,0.0,0.0
148,G5-149,5,15898,0.0,0.0,0.0
149,G5-150,5,15923,0.0,0.0,0.0
0,G6-1,6,114,0.0,0.0,0.0
1,G6-2,6,251,0.0,0.0,0.0
2,G6-3,6,301,0.0,0.0,0.0
3,G6-4,6,474,0.0,0.0,0.0
4,G6-5,6,574,0.0,0.0,0.0
5,G6-6,6,592,0.0,0.0,0.0
6,G6-7,6,633,0.0,0.0,0.0
7,G6-8,6,724,0.0,0.0,0.0
8,G6-9,6,788,0.0,0.0,0.0
9,G6-10,6,838,0.0,0.0,0.0
10,G6-11,6,974,0.0,0.0,0.0
11,G6-12,6,1083,0.0,0.0,0.0
12,G6-13,6,1189,0.0,0.0,0.0
13,G6-14,6,1322,0.0,0.0,0.0
14,G6-15,6,1332,0.0,1.0,0.1414213562373095
15,G6-16,6,1339,0.0,0.0,0.0
16,G6-17,6,1399,0.0,0.0,0.0
17,G6-18,6,1509,0.0,0.0,0.0
18,G6-19,6,1649,0.0,0.0,0.0
19,G6-20,6,1729,0.0,0.0,0.0
20,G6-21,6,1838,0.0,0.0,0.0
21,G6-22,6,1939,0.0,0.0,0.0
22,G6-23,6,2057,0.0,0.0,0.0
23,G6-24,6,2103,0.0,0.0,0.0
24,G6-25,6,2223,0.0,0.0,0.0
25,G6-26,6,2349,0.0,0.0,0.0
26,G6-27,6,2383,0.0,0.0,0.0
27,G6-28,6,2452,0.0,1.0,-0.1414213562373095
28,G6-29,6,2558,0.0,0.0,0.0
29,G6-30,6,2582,0.0,0.0,0.0
30,G6-31,6,2592,0.0,0.0,0.0
31,G6-32,6,2733,0.0,0.0,0.0
32,G6-33,6,2743,0.0,1.0,-0.1414213562373095
33,G6-34,6,2940,0.0,0.0,0.0
34,G6-35,6,3100,0.0,0.0,0.0
35,G6-36,6,3248,0.0,0.0,0.0
36,G6-37,6,3370,0.0,0.0,0.0
37,G6-38,6,3477,0.0,0.0,0.0
38,G6-39,6,3620,0.0,0.0,0.0
39,G6-40,6,3706,0.0,0.0,0.0
40,G6-41,6,3841,0.0,0.0,0.0
41,G6-42,6,4005,0.0,0.0,0.0
42,G6-43,6,4114,0.0,0.0,0.0
43,G6-44,6,4186,0.0,0.0,0.0
44,G6-45,6,4228,0.0,0.0,0.0
45,G6-46,6,4383,0.0,0.0,0.0
46,G6-47,6,4542,0.0,0.0,0.0
47,G6-48,6,4719,0.0,0.0,0.0
48,G6-49,6,4751,0.0,0.0,0.0
49,G6-50,6,4760,0.0,0.0,0.0
50,G6-51,6,4814,0.0,0.0,0.0
51,G6-52,6,4821,0.0,0.0,0.0
52,G6-53,6,4935,0.0,0.0,0.0
53,G6-54,6,4978,0.0,1.0,-0.1414213562373095
54,G6-55,6,5044,0.0,0.0,0.0
55,G6-56,6,5105,0.0,0.0,0.0
56,G6-57,6,5176,0.0,0.0,0.0
57,G6-58,6,5373,0.0,0.0,0.0
58,G6-59,6,5454,0.0,0.0,0.0
59,G6-60,6,5553,0.0,0.0,0.0
60,G6-61,6,5635,0.0,0.0,0.0
61,G6-62,6,5735,0.0,0.0,0.0
62,G6-63,6,5802,0.0,0.0,0.0
63,G6-64,6,5868,0.0,0.0,0.0
64,G6-65,6,5981,0.0,0.0,0.0
65,G6-66,6,6043,0.0,0.0,0.0
66,G6-67,6,6196,0.0,0.0,0.0
67,G6-68,6,6242,1.0,0.0,-0.1414213562373095
68,G6-69,6,6295,1.0,0.0,-0.1414213562373095
69,G6-70,6,6453,1.0,0.0,-0.1414213562373095
70,G6-71,6,6651,1.0,0.0,-0.1414213562373095
71,G6-72,6,6816,1.0,0.0,-0.1414213562373095
72,G6-73,6,6934,1.0,0.0,-0.1414213562373095
73,G6-74,6,6971,1.0,0.0,-0.1414213562373095
74,G6-75,6,7017,1.0,0.0,-0.1414213562373095
75,G6-76,6,7198,1.0,0.0,-0.1414213562373095
76,G6-77,6,7262,1.0,0.0,-0.1414213562373095
77,G6-78,6,7359,1.0,0.0,-0.1414213562373095
78,G6-79,6,7489,1.0,0.0,-0.1414213562373095
79,G6-80,6,7496,1.0,0.0,-0.1414213562373095
80,G6-81,6,7501,1.0,0.0,-0.1414213562373095
81,G6-82,6,7650,1.0,0.0,-0.1414213562373095
82,G6-83,6,7682,0.0,0.0,0.0
83,G6-84,6,7768,0.0,0.0,0.0
84,G6-85,6,7877,0.0,0.0,0.0
85,G6-86,6,8063,0.0,0.0,0.0
86,G6-87,6,8251,0.0,0.0,0.0
87,G6-88,6,8369,0.0,0.0,0.0
88,G6-89,6,8379,0.0,0.0,0.0
89,G6-90,6,8498,0.0,0.0,0.0
90,G6-91,6,8507,0.0,0.0,0.0
91,G6-92,6,8654,0.0,0.0,0.0
92,G6-93,6,8725,0.0,0.0,0.0
93,G6-94,6,8853,0.0,0.0,0.0
94,G6-95,6,8999,0.0,0.0,0.0
95,G6-96,6,9155,0.0,0.0,0.0
96,G6-97,6,9304,0.0,1.0,0.1414213562373095
97,G6-98,6,9412,0.0,0.0,0.0
98,G6-99,6,9424,0.0,0.0,0.0
99,G6-100,6,9446,0.0,0.0,0.0
100,G6-101,6,9557,0.0,1.0,0.1414213562373095
101,G6-102,6,9659,0.0,0.0,0.0
102,G6-103,6,9857,0.0,0.0,0.0
103,G6-104,6,9970,0.0,0.0,0.0
104,G6-105,6,9993,0.0,0.0,0.0
105,G6-106,6,10039,0.0,0.0,0.0
106,G6-107,6,10073,0.0,0.0,0.0
107,G6-108,6,10188,0.0,0.0,0.0
108,G6-109,6,10207,0.0,0.0,0.0
109,G6-110,6,10243,0.0,0.0,0.0
110,G6-111,6,10323,0.0,0.0,0.0
111,G6-112,6,10344,0.0,0.0,0.0
112,G6-113,6,10474,0.0,0.0,0.0
113,G6-114,6,10488,0.0,0.0,0.0
114,G6-115,6,10619,0.0,0.0,0.0
115,G6-116,6,10668,0.0,0.0,0.0
116,G6-117,6,10846,0.0,0.0,0.0
117,G6-118,6,10905,0.0,0.0,0.0
118,G6-119,6,10948,0.0,0.0,0.0
119,G6-120,6,11131,0.0,0.0,0.0
120,G6-121,6,11263,0.0,0.0,0.0
121,G6-122,6,11311,0.0,1.0,-0.1414213562373095
122,G6-123,6,11419,0.0,0.0,0.0
123,G6-124,6,11575,0.0,0.0,0.0
124,G6-125,6,11715,0.0,0.0,0.0
125,G6-126,6,11864,0.0,0.0,0.0
126,G6-127,6,12045,0.0,0.0,0.0
127,G6-128,6,12108,0.0,0.0,0.0
128,G6-129,6,12119,0.0,0.0,0.0
129,G6-130,6,12191,0.0,1.0,-0.1414213562373095
130,G6-131,6,12211,0.0,0.0,0.0
131,G6-132,6,12301,0.0,0.0,0.0
132,G6-133,6,12462,0.0,0.0,0.0
133,G6-134,6,12614,0.0,0.0,0.0
134,G6-135,6,12684,0.0,0.0,0.0
135,G6-136,6,12804,0.0,0.0,0.0
136,G6-137,6,12993,0.0,0.0,0.0
137,G6-138,6,13113,0.0,0.0,0.0
138,G6-139,6,13213,0.0,0.0,0.0
139,G6-140,6,13248,0.0,0.0,0.0
140,G6-141,6,13257,0.0,0.0,0.0
141,G6-142,6,13368,0.0,0.0,0.0
142,G6-143,6,13463,0.0,0.0,0.0
143,G6-144,6,13508,0.0,0.0,0.0
144,G6-145,6,13523,0.0,0.0,0.0
145,G6-146,6,13545,0.0,0.0,0.0
146,G6-147,6,13650,0.0,0.0,0.0
147,G6-148,6,13804,0.0,0.0,0.0
148,G6-149,6,13987,0.0,0.0,0.0
149,G6-150,6,14088,0.0,1.0,-0.1414213562373095
0,G7-1,7,109,0.0,0.0,0.0
1,G7-2,7,183,0.0,0.0,0.0
2,G7-3,7,308,0.0,0.0,0.0
3,G7-4,7,432,0.0,0.0,0.0
4,G7-5,7,469,0.0,0.0,0.0
5,G7-6,7,561,0.0,0.0,0.0
6,G7-7,7,595,0.0,0.0,0.0
7,G7-8,7,658,0.0,0.0,0.0
8,G7-9,7,725,0.0,0.0,0.0
9,G7-10,7,884,0.0,0.0,0.0
10,G7-11,7,907,0.0,0.0,0.0
11,G7-12,7,961,0.0,0.0,0.0
12,G7-13,7,1069,0.0,0.0,0.0
13,G7-14,7,1192,0.0,0.0,0.0
14,G7-15,7,1253,0.0,0.0,0.0
15,G7-16,7,1348,0.0,0.0,0.0
16,G7-17,7,1484,0.0,0.0,0.0
17,G7-18,7,1578,0.0,0.0,0.0
18,G7-19,7,1637,0.0,0.0,0.0
19,G7-20,7,1649,0.0,0.0,0.0
20,G7-21,7,1819,0.0,0.0,0.0
21,G7-22,7,1872,0.0,0.0,0.0
22,G7-23,7,2057,0.0,0.0,0.0
23,G7-24,7,2212,0.0,0.0,0.0
24,G7-25,7,2269,0.0,0.0,0.0
25,G7-26,7,2448,0.0,0.0,0.0
26,G7-27,7,2489,0.0,0.0,0.0
27,G7-28,7,2540,0.0,0.0,0.0
28,G7-29,7,2683,0.0,0.0,0.0
29,G7-30,7,2720,0.0,0.0,0.0
30,G7-31,7,2787,0.0,0.0,0.0
31,G7-32,7,2959,0.0,0.0,0.0
32,G7-33,7,3085,0.0,0.0,0.0
33,G7-34,7,3254,0.0,0.0,0.0
34,G7-35,7,3281,0.0,0.0,0.0
35,G7-36,7,3371,0.0,0.0,0.0
36,G7-37,7,3536,0.0,0.0,0.0
37,G7-38,7,3663,0.0,0.0,0.0
38,G7-39,7,3800,0.0,0.0,0.0
39,G7-40,7,3944,0.0,0.0,0.0
40,G7-41,7,4072,0.0,0.0,0.0
41,G7-42,7,4270,0.0,0.0,0.0
42,G7-43,7,4321,0.0,0.0,0.0
43,G7-44,7,4462,0.0,0.0,0.0
44,G7-45,7,4529,0.0,0.0,0.0
45,G7-46,7,4547,0.0,0.0,0.0
46,G7-47,7,4670,0.0,0.0,0.0
47,G7-48,7,4763,0.0,0.0,0.0
48,G7-49,7,4791,0.0,0.0,0.0
49,G7-50,7,4952,0.0,0.0,0.0
50,G7-51,7,5050,0.0,0.0,0.0
51,G7-52,7,5160,0.0,0.0,0.0
52,G7-53,7,5274,0.0,0.0,0.0
53,G7-54,7,5458,0.0,0.0,0.0
54,G7-55,7,5649,0.0,0.0,0.0
55,G7-56,7,5710,0.0,0.0,0.0
56,G7-57,7,5891,0.0,0.0,0.0
57,G7-58,7,5946,0.0,0.0,0.0
58,G7-59,7,6090,0.0,0.0,0.0
59,G7-60,7,6242,0.0,0.0,0.0
60,G7-61,7,6320,0.0,0.0,0.0
61,G7-62,7,6465,0.0,0.0,0.0
62,G7-63,7,6520,0.0,0.0,0.0
63,G7-64,7,6533,0.0,0.0,0.0
64,G7-65,7,6584,0.0,0.0,0.0
65,G7-66,7,6765,0.0,0.0,0.0
66,G7-67,7,6955,0.0,0.0,0.0
67,G7-68,7,7109,0.0,0.0,0.0
68,G7-69,7,7192,0.0,0.0,0.0
69,G7-70,7,7222,0.0,0.0,0.0
70,G7-71,7,7252,0.0,0.0,0.0
71,G7-72,7,7444,0.0,0.0,0.0
72,G7-73,7,7643,0.0,0.0,0.0
73,G7-74,7,7705,0.0,0.0,0.0
74,G7-75,7,7796,0.0,0.0,0.0
75,G7-76,7,7916,0.0,0.0,0.0
76,G7-77,7,7972,0.0,0.0,0.0
77,G7-78,7,8074,0.0,0.0,0.0
78,G7-79,7,8182,0.0,0.0,0.0
79,G7-80,7,8206,0.0,0.0,0.0
80,G7-81,7,8342,0.0,0.0,0.0
81,G7-82,7,8409,0.0,0.0,0.0
82,G7-83,7,8593,0.0,0.0,0.0
83,G7-84,7,8699,0.0,0.0,0.0
84,G7-85,7,8829,0.0,0.0,0.0
85,G7-86,7,8995,0.0,0.0,0.0
86,G7-87,7,9025,0.0,0.0,0.0
87,G7-88,7,9098,0.0,0.0,0.0
88,G7-89,7,9163,0.0,0.0,0.0
89,G7-90,7,9354,0.0,0.0,0.0
90,G7-91,7,9448,0.0,0.0,0.0
91,G7-92,7,9512,0.0,0.0,0.0
92,G7-93,7,9627,0.0,0.0,0.0
93,G7-94,7,9719,0.0,0.0,0.0
94,G7-95,7,9840,0.0,0.0,0.0
95,G7-96,7,9992,0.0,0.0,0.0
96,G7-97,7,10027,0.0,0.0,0.0
97,G7-98,7,10039,0.0,0.0,0.0
98,G7-99,7,10082,0.0,0.0,0.0
99,G7-100,7,10098,0.0,0.0,0.0
100,G7-101,7,10231,0.0,0.0,0.0
101,G7-102,7,10301,0.0,0.0,0.0
102,G7-103,7,10427,0.0,0.0,0.0
103,G7-104,7,10519,0.0,0.0,0.0
104,G7-105,7,10715,0.0,0.0,0.0
105,G7-106,7,10861,0.0,0.0,0.0
106,G7-107,7,11042,0.0,0.0,0.0
107,G7-108,7,11166,0.0,0.0,0.0
108,G7-109,7,11300,0.0,0.0,0.0
109,G7-110,7,11385,0.0,0.0,0.0
110,G7-111,7,11406,0.0,0.0,0.0
111,G7-112,7,11528,0.0,0.0,0.0
112,G7-113,7,11686,0.0,0.0,0.0
113,G7-114,7,11817,0.0,0.0,0.0
114,G7-115,7,11922,0.0,0.0,0.0
115,G7-116,7,12067,0.0,0.0,0.0
116,G7-117,7,12144,0.0,0.0,0.0
117,G7-118,7,12227,0.0,0.0,0.0
118,G7-119,7,12334,0.0,0.0,0.0
119,G7-120,7,12510,0.0,0.0,0.0
120,G7-121,7,12590,0.0,0.0,0.0
121,G7-122,7,12635,0.0,0.0,0.0
122,G7-123,7,12805,0.0,0.0,0.0
123,G7-124,7,12995,0.0,0.0,0.0
124,G7-125,7,13100,0.0,0.0,0.0
125,G7-126,7,13168,0.0,0.0,0.0
126,G7-127,7,13283,0.0,0.0,0.0
127,G7-128,7,13407,0.0,0.0,0.0
128,G7-129,7,13444,0.0,0.0,0.0
129,G7-130,7,13542,0.0,0.0,0.0
130,G7-131,7,13730,0.0,0.0,0.0
131,G7-132,7,13894,0.0,0.0,0.0
132,G7-133,7,14067,0.0,0.0,0.0
133,G7-134,7,14190,0.0,0.0,0.0
134,G7-135,7,14345,0.0,0.0,0.0
135,G7-136,7,14405,0.0,0.0,0.0
136,G7-137,7,14587,0.0,0.0,0.0
137,G7-138,7,14674,0.0,0.0,0.0
138,G7-139,7,14725,0.0,0.0,0.0
139,G7-140,7,14840,0.0,0.0,0.0
140,G7-141,7,14884,0.0,0.0,0.0
141,G7-142,7,15039,0.0,0.0,0.0
142,G7-143,7,15092,0.0,0.0,0.0
143,G7-144,7,15144,0.0,0.0,0.0
144,G7-145,7,15300,0.0,0.0,0.0
145,G7-146,7,15464,0.0,0.0,0.0
146,G7-147,7,15550,0.0,0.0,0.0
147,G7-148,7,15744,0.0,0.0,0.0
148,G7-149,7,15789,0.0,0.0,0.0
149,G7-150,7,15804,0.0,0.0,0.0
0,G8-1,8,13,0.0,0.0,0.0
1,G8-2,8,188,0.0,0.0,0.0
2,G8-3,8,235,0.0,0.0,0.0
3,G8-4,8,261,0.0,0.0,0.0
4,G8-5,8,383,0.0,0.0,0.0
5,G8-6,8,454,0.0,0.0,0.0
6,G8-7,8,460,0.0,0.0,0.0
7,G8-8,8,635,0.0,0.0,0.0
8,G8-9,8,742,0.0,0.0,0.0
9,G8-10,8,904,0.0,0.0,0.0
10,G8-11,8,1057,0.0,0.0,0.0
11,G8-12,8,1191,0.0,0.0,0.0
12,G8-13,8,1287,0.0,0.0,0.0
13,G8-14,8,1455,0.0,0.0,0.0
14,G8-15,8,1558,0.0,0.0,0.0
15,G8-16,8,1614,0.0,0.0,0.0
16,G8-17,8,1627,0.0,0.0,0.0
17,G8-18,8,1691,0.0,0.0,0.0
18,G8-19,8,1864,0.0,0.0,0.0
19,G8-20,8,2034,0.0,0.0,0.0
20,G8-21,8,2176,0.0,0.0,0.0
21,G8-22,8,2271,0.0,0.0,0.0
22,G8-23,8,2459,0.0,0.0,0.0
23,G8-24,8,2503,0.0,0.0,0.0
24,G8-25,8,2549,0.0,0.0,0.0
25,G8-26,8,2563,0.0,0.0,0.0
26,G8-27,8,2748,0.0,0.0,0.0
27,G8-28,8,2830,0.0,0.0,0.0
28,G8-29,8,2953,0.0,0.0,0.0
29,G8-30,8,2964,0.0,0.0,0.0
30,G8-31,8,3056,0.0,0.0,0.0
31,G8-32,8,3084,0.0,0.0,0.0
32,G8-33,8,3202,0.0,0.0,0.0
33,G8-34,8,3397,0.0,0.0,0.0
34,G8-35,8,3589,0.0,0.0,0.0
35,G8-36,8,3770,0.0,0.0,0.0
36,G8-37,8,3793,0.0,0.0,0.0
37,G8-38,8,3866,0.0,0.0,0.0
38,G8-39,8,4048,0.0,0.0,0.0
39,G8-40,8,4206,0.0,0.0,0.0
40,G8-41,8,4278,0.0,0.0,0.0
41,G8-42,8,4463,0.0,0.0,0.0
42,G8-43,8,4505,0.0,0.0,0.0
43,G8-44,8,4573,0.0,0.0,0.0
44,G8-45,8,4590,0.0,0.0,0.0
45,G8-46,8,4674,0.0,0.0,0.0
46,G8-47,8,4710,0.0,0.0,0.0
47,G8-48,8,4891,0.0,0.0,0.0
48,G8-49,8,4918,0.0,0.0,0.0
49,G8-50,8,5009,0.0,0.0,0.0
50,G8-51,8,5070,0.0,0.0,0.0
51,G8-52,8,5176,0.0,0.0,0.0
52,G8-53,8,5183,0.0,0.0,0.0
53,G8-54,8,5205,0.0,0.0,0.0
54,G8-55,8,5364,0.0,0.0,0.0
55,G8-56,8,5479,0.0,0.0,0.0
56,G8-57,8,5598,0.0,0.0,0.0
57,G8-58,8,5690,0.0,0.0,0.0
58,G8-59,8,5749,0.0,0.0,0.0
59,G8-60,8,5898,0.0,0.0,0.0
60,G8-61,8,5936,0.0,0.0,0.0
61,G8-62,8,6062,0.0,0.0,0.0
62,G8-63,8,6164,0.0,0.0,0.0
63,G8-64,8,6328,0.0,0.0,0.0
64,G8-65,8,6431,0.0,0.0,0.0
65,G8-66,8,6438,0.0,0.0,0.0
66,G8-67,8,6553,0.0,0.0,0.0
67,G8-68,8,6615,0.0,0.0,0.0
68,G8-69,8,6667,0.0,0.0,0.0
69,G8-70,8,6775,0.0,0.0,0.0
70,G8-71,8,6792,0.0,0.0,0.0
71,G8-72,8,6961,0.0,0.0,0.0
72,G8-73,8,7050,0.0,0.0,0.0
73,G8-74,8,7133,0.0,0.0,0.0
74,G8-75,8,7154,0.0,0.0,0.0
75,G8-76,8,7236,0.0,0.0,0.0
76,G8-77,8,7256,0.0,0.0,0.0
77,G8-78,8,7360,0.0,0.0,0.0
78,G8-79,8,7452,0.0,0.0,0.0
79,G8-80,8,7520,0.0,0.0,0.0
80,G8-81,8,7679,0.0,0.0,0.0
81,G8-82,8,7740,0.0,0.0,0.0
82,G8-83,8,7844,0.0,0.0,0.0
83,G8-84,8,8029,0.0,0.0,0.0
84,G8-85,8,8149,0.0,0.0,0.0
85,G8-86,8,8324,0.0,0.0,0.0
86,G8-87,8,8493,0.0,0.0,0.0
87,G8-88,8,8499,0.0,0.0,0.0
88,G8-89,8,8530,0.0,0.0,0.0
89,G8-90,8,8727,0.0,0.0,0.0
90,G8-91,8,8921,0.0,0.0,0.0
91,G8-92,8,8959,0.0,0.0,0.0
92,G8-93,8,9148,0.0,0.0,0.0
93,G8-94,8,9318,0.0,0.0,0.0
94,G8-95,8,9383,0.0,0.0,0.0
95,G8-96,8,9406,0.0,0.0,0.0
96,G8-97,8,9442,0.0,0.0,0.0
97,G8-98,8,9631,0.0,0.0,0.0
98,G8-99,8,9782,0.0,0.0,0.0
99,G8-100,8,9933,0.0,0.0,0.0
100,G8-101,8,10046,0.0,0.0,0.0
101,G8-102,8,10096,0.0,0.0,0.0
102,G8-103,8,10162,0.0,0.0,0.0
103,G8-104,8,10304,0.0,0.0,0.0
104,G8-105,8,10363,0.0,0.0,0.0
105,G8-106,8,10446,0.0,0.0,0.0
106,G8-107,8,10497,0.0,0.0,0.0
107,G8-108,8,10650,0.0,0.0,0.0
108,G8-109,8,10692,0.0,0.0,0.0
109,G8-110,8,10799,0.0,0.0,0.0
110,G8-111,8,10877,0.0,0.0,0.0
111,G8-112,8,11058,0.0,0.0,0.0
112,G8-113,8,11205,0.0,0.0,0.0
113,G8-114,8,11374,0.0,0.0,0.0
114,G8-115,8,11382,0.0,0.0,0.0
115,G8-116,8,11428,0.0,0.0,0.0
116,G8-117,8,11581,0.0,0.0,0.0
117,G8-118,8,11617,0.0,0.0,0.0
118,G8-119,8,11714,0.0,0.0,0.0
119,G8-120,8,11771,0.0,0.0,0.0
120,G8-121,8,11786,0.0,0.0,0.0
121,G8-122,8,11808,0.0,0.0,0.0
122,G8-123,8,11940,0.0,0.0,0.0
123,G8-124,8,12047,0.0,0.0,0.0
124,G8-125,8,12173,0.0,0.0,0.0
125,G8-126,8,12340,0.0,0.0,0.0
126,G8-127,8,12413,0.0,0.0,0.0
127,G8-128,8,12517,0.0,0.0,0.0
128,G8-129,8,12645,0.0,0.0,0.0
129,G8-130,8,12802,0.0,0.0,0.0
130,G8-131,8,12862,0.0,0.0,0.0
131,G8-132,8,12968,0.0,0.0,0.0
132,G8-133,8,13037,0.0,0.0,0.0
133,G8-134,8,13058,0.0,0.0,0.0
134,G8-135,8,13220,0.0,0.0,0.0
135,G8-136,8,13226,0.0,0.0,0.0
136,G8-137,8,13396,0.0,0.0,0.0
137,G8-138,8,13459,0.0,0.0,0.0
138,G8-139,8,13483,0.0,0.0,0.0
139,G8-140,8,13682,0.0,0.0,0.0
140,G8-141,8,13708,0.0,0.0,0.0
141,G8-142,8,13840,0.0,0.0,0.0
142,G8-143,8,13969,0.0,0.0,0.0
143,G8-144,8,13989,0.0,0.0,0.0
144,G8-145,8,14030,0.0,0.0,0.0
145,G8-146,8,14142,0.0,0.0,0.0
146,G8-147,8,14258,0.0,0.0,0.0
147,G8-148,8,14372,0.0,0.0,0.0
148,G8-149,8,14552,0.0,0.0,0.0
149,G8-150,8,14656,0.0,0.0,0.0
0,G9-1,9,186,0.0,0.0,0.0
1,G9-2,9,352,0.0,0.0,0.0
2,G9-3,9,375,0.0,0.0,0.0
3,G9-4,9,554,0.0,0.0,0.0
4,G9-5,9,669,0.0,0.0,0.0
5,G9-6,9,810,0.0,0.0,0.0
6,G9-7,9,845,0.0,0.0,0.0
7,G9-8,9,1015,0.0,0.0,0.0
8,G9-9,9,1070,0.0,0.0,0.0
9,G9-10,9,1162,0.0,0.0,0.0
10,G9-11,9,1299,0.0,0.0,0.0
11,G9-12,9,1421,0.0,0.0,0.0
12,G9-13,9,1583,0.0,0.0,0.0
13,G9-14,9,1781,0.0,0.0,0.0
14,G9-15,9,1926,0.0,0.0,0.0
15,G9-16,9,1964,0.0,0.0,0.0
16,G9-17,9,2050,0.0,0.0,0.0
17,G9-18,9,2186,0.0,0.0,0.0
18,G9-19,9,2194,0.0,0.0,0.0
19,G9-20,9,2343,0.0,0.0,0.0
20,G9-21,9,2534,0.0,0.0,0.0
21,G9-22,9,2650,0.0,0.0,0.0
22,G9-23,9,2681,0.0,0.0,0.0
23,G9-24,9,2827,0.0,0.0,0.0
24,G9-25,9,2938,0.0,0.0,0.0
25,G9-26,9,2972,0.0,0.0,0.0
26,G9-27,9,3063,0.0,0.0,0.0
27,G9-28,9,3076,0.0,0.0,0.0
28,G9-29,9,3157,0.0,0.0,0.0
29,G9-30,9,3270,0.0,0.0,0.0
30,G9-31,9,3341,0.0,0.0,0.0
31,G9-32,9,3496,0.0,0.0,0.0
32,G9-33,9,3532,0.0,0.0,0.0
33,G9-34,9,3594,0.0,0.0,0.0
34,G9-35,9,3607,0.0,0.0,0.0
35,G9-36,9,3676,0.0,0.0,0.0
36,G9-37,9,3809,0.0,0.0,0.0
37,G9-38,9,3996,0.0,0.0,0.0
38,G9-39,9,4063,0.0,0.0,0.0
39,G9-40,9,4180,0.0,0.0,0.0
40,G9-41,9,4191,0.0,0.0,0.0
41,G9-42,9,4301,0.0,0.0,0.0
42,G9-43,9,4391,0.0,0.0,0.0
43,G9-44,9,4397,0.0,0.0,0.0
44,G9-45,9,4403,0.0,0.0,0.0
45,G9-46,9,4476,0.0,0.0,0.0
46,G9-47,9,4552,0.0,0.0,0.0
47,G9-48,9,4644,0.0,0.0,0.0
48,G9-49,9,4653,0.0,0.0,0.0
49,G9-50,9,4688,0.0,0.0,0.0
50,G9-51,9,4741,0.0,0.0,0.0
51,G9-52,9,4908,0.0,0.0,0.0
52,G9-53,9,5057,0.0,0.0,0.0
53,G9-54,9,5098,0.0,0.0,0.0
54,G9-55,9,5156,0.0,0.0,0.0
55,G9-56,9,5320,0.0,0.0,0.0
56,G9-57,9,5502,0.0,0.0,0.0
57,G9-58,9,5671,0.0,0.0,0.0
58,G9-59,9,5715,0.0,0.0,0.0
59,G9-60,9,5815,0.0,0.0,0.0
60,G9-61,9,5822,0.0,0.0,0.0
61,G9-62,9,5926,0.0,0.0,0.0
62,G9-63,9,5932,0.0,0.0,0.0
63,G9-64,9,6036,0.0,0.0,0.0
64,G9-65,9,6049,0.0,0.0,0.0
65,G9-66,9,6065,0.0,0.0,0.0
66,G9-67,9,6222,0.0,0.0,0.0
67,G9-68,9,6408,0.0,0.0,0.0
68,G9-69,9,6557,0.0,0.0,0.0
69,G9-70,9,6580,0.0,0.0,0.0
70,G9-71,9,6660,0.0,0.0,0.0
71,G9-72,9,6827,0.0,0.0,0.0
72,G9-73,9,6922,0.0,0.0,0.0
73,G9-74,9,7099,0.0,0.0,0.0
74,G9-75,9,7246,0.0,0.0,0.0
75,G9-76,9,7439,0.0,0.0,0.0
76,G9-77,9,7635,0.0,0.0,0.0
77,G9-78,9,7728,0.0,0.0,0.0
78,G9-79,9,7740,0.0,0.0,0.0
79,G9-80,9,7791,0.0,0.0,0.0
80,G9-81,9,7804,0.0,0.0,0.0
81,G9-82,9,7882,0.0,0.0,0.0
82,G9-83,9,7943,0.0,0.0,0.0
83,G9-84,9,7979,0.0,0.0,0.0
84,G9-85,9,8118,0.0,0.0,0.0
85,G9-86,9,8221,0.0,0.0,0.0
86,G9-87,9,8308,0.0,0.0,0.0
87,G9-88,9,8452,0.0,0.0,0.0
88,G9-89,9,8605,0.0,0.0,0.0
89,G9-90,9,8759,0.0,0.0,0.0
90,G9-91,9,8938,0.0,0.0,0.0
91,G9-92,9,9067,0.0,0.0,0.0
92,G9-93,9,9209,0.0,0.0,0.0
93,G9-94,9,9251,0.0,0.0,0.0
94,G9-95,9,9448,0.0,0.0,0.0
95,G9-96,9,9621,0.0,0.0,0.0
96,G9-97,9,9724,0.0,0.0,0.0
97,G9-98,9,9786,0.0,0.0,0.0
98,G9-99,9,9887,0.0,0.0,0.0
99,G9-100,9,10039,0.0,0.0,0.0
100,G9-101,9,10110,0.0,0.0,0.0
101,G9-102,9,10275,0.0,0.0,0.0
102,G9-103,9,10376,0.0,0.0,0.0
103,G9-104,9,10513,0.0,0.0,0.0
104,G9-105,9,10591,0.0,0.0,0.0
105,G9-106,9,10687,0.0,0.0,0.0
106,G9-107,9,10876,0.0,0.0,0.0
107,G9-108,9,11060,0.0,0.0,0.0
108,G9-109,9,11219,0.0,0.0,0.0
109,G9-110,9,11349,0.0,0.0,0.0
110,G9-111,9,11357,0.0,0.0,0.0
111,G9-112,9,11525,0.0,0.0,0.0
112,G9-113,9,11621,0.0,0.0,0.0
113,G9-114,9,11820,0.0,0.0,0.0
114,G9-115,9,11937,0.0,0.0,0.0
115,G9-116,9,11966,0.0,0.0,0.0
116,G9-117,9,11984,0.0,0.0,0.0
117,G9-118,9,12160,0.0,0.0,0.0
118,G9-119,9,12317,0.0,0.0,0.0
119,G9-120,9,12415,0.0,0.0,0.0
120,G9-121,9,12524,0.0,0.0,0.0
121,G9-122,9,12558,0.0,0.0,0.0
122,G9-123,9,12757,0.0,0.0,0.0
123,G9-124,9,12934,0.0,0.0,0.0
124,G9-125,9,13114,0.0,0.0,0.0
125,G9-126,9,13242,0.0,0.0,0.0
126,G9-127,9,13361,0.0,0.0,0.0
127,G9-128,9,13514,0.0,0.0,0.0
128,G9-129,9,13531,0.0,0.0,0.0
129,G9-130,9,13684,0.0,0.0,0.0
130,G9-131,9,13779,0.0,0.0,0.0
131,G9-132,9,13953,0.0,0.0,0.0
132,G9-133,9,14020,0.0,0.0,0.0
133,G9-134,9,14151,0.0,0.0,0.0
134,G9-135,9,14304,0.0,0.0,0.0
135,G9-136,9,14368,0.0,0.0,0.0
136,G9-137,9,14522,0.0,0.0,0.0
137,G9-138,9,14613,0.0,0.0,0.0
138,G9-139,9,14673,0.0,0.0,0.0
139,G9-140,9,14681,0.0,0.0,0.0
140,G9-141,9,14769,0.0,0.0,0.0
141,G9-142,9,14948,0.0,0.0,0.0
142,G9-143,9,15081,0.0,0.0,0.0
143,G9-144,9,15246,0.0,0.0,0.0
144,G9-145,9,15278,0.0,0.0,0.0
145,G9-146,9,15381,0.0,0.0,0.0
146,G9-147,9,15471,0.0,0.0,0.0
147,G9-148,9,15477,0.0,0.0,0.0
148,G9-149,9,15552,0.0,0.0,0.0
149,G9-150,9,15581,0.0,0.0,0.0
0,G10-1,10,198,0.0,0.0,0.0
1,G10-2,10,222,0.0,0.0,0.0
2,G10-3,10,334,0.0,0.0,0.0
3,G10-4,10,390,0.0,0.0,0.0
4,G10-5,10,510,0.0,0.0,0.0
5,G10-6,10,520,0.0,0.0,0.0
6,G10-7,10,649,0.0,0.0,0.0
7,G10-8,10,684,0.0,0.0,0.0
8,G10-9,10,798,0.0,0.0,0.0
9,G10-10,10,890,0.0,0.0,0.0
10,G10-11,10,897,0.0,0.0,0.0
11,G10-12,10,902,0.0,0.0,0.0
12,G10-13,10,1049,0.0,0.0,0.0
13,G10-14,10,1122,0.0,0.0,0.0
14,G10-15,10,1293,0.0,0.0,0.0
15,G10-16,10,1395,0.0,0.0,0.0
16,G10-17,10,1488,0.0,0.0,0.0
17,G10-18,10,1571,0.0,0.0,0.0
18,G10-19,10,1741,0.0,0.0,0.0
19,G10-20,10,1893,0.0,0.0,0.0
20,G10-21,10,1979,0.0,0.0,0.0
21,G10-22,10,2086,0.0,0.0,0.0
22,G10-23,10,2185,0.0,0.0,0.0
23,G10-24,10,2360,0.0,0.0,0.0
24,G10-25,10,2491,0.0,0.0,0.0
25,G10-26,10,2526,0.0,0.0,0.0
26,G10-27,10,2578,0.0,0.0,0.0
27,G10-28,10,2740,0.0,0.0,0.0
28,G10-29,10,2745,0.0,0.0,0.0
29,G10-30,10,2906,0.0,0.0,0.0
30,G10-31,10,2917,0.0,0.0,0.0
31,G10-32,10,3032,0.0,0.0,0.0
32,G10-33,10,3215,0.0,0.0,0.0
33,G10-34,10,3232,0.0,0.0,0.0
34,G10-35,10,3287,0.0,0.0,0.0
35,G10-36,10,3421,0.0,0.0,0.0
36,G10-37,10,3503,0.0,0.0,0.0
37,G10-38,10,3572,0.0,0.0,0.0
38,G10-39,10,3670,0.0,0.0,0.0
39,G10-40,10,3731,0.0,0.0,0.0
40,G10-41,10,3886,0.0,0.0,0.0
41,G10-42,10,3946,0.0,0.0,0.0
42,G10-43,10,3958,0.0,0.0,0.0
43,G10-44,10,3985,0.0,0.0,0.0
44,G10-45,10,4110,0.0,0.0,0.0
45,G10-46,10,4162,0.0,0.0,0.0
46,G10-47,10,4206,0.0,0.0,0.0
47,G10-48,10,4391,0.0,0.0,0.0
48,G10-49,10,4428,0.0,0.0,0.0
49,G10-50,10,4567,0.0,0.0,0.0
50,G10-51,10,4642,0.0,0.0,0.0
51,G10-52,10,4722,0.0,0.0,0.0
52,G10-53,10,4814,0.0,0.0,0.0
53,G10-54,10,4856,0.0,0.0,0.0
54,G10-55,10,4906,0.0,0.0,0.0
55,G10-56,10,4972,0.0,0.0,0.0
56,G10-57,10,5089,0.0,0.0,0.0
57,G10-58,10,5121,0.0,0.0,0.0
58,G10-59,10,5294,0.0,0.0,0.0
59,G10-60,10,5413,0.0,0.0,0.0
60,G10-61,10,5450,0.0,0.0,0.0
61,G10-62,10,5597,0.0,0.0,0.0
62,G10-63,10,5676,0.0,0.0,0.0
63,G10-64,10,5808,0.0,0.0,0.0
64,G10-65,10,5906,0.0,0.0,0.0
65,G10-66,10,5924,0.0,0.0,0.0
66,G10-67,10,5956,0.0,0.0,0.0
67,G10-68,10,5990,0.0,0.0,0.0
68,G10-69,10,6143,0.0,0.0,0.0
69,G10-70,10,6278,0.0,0.0,0.0
70,G10-71,10,6299,0.0,0.0,0.0
71,G10-72,10,6439,0.0,0.0,0.0
72,G10-73,10,6581,0.0,0.0,0.0
73,G10-74,10,6776,0.0,0.0,0.0
74,G10-75,10,6795,0.0,0.0,0.0
75,G10-76,10,6989,0.0,0.0,0.0
76,G10-77,10,7045,0.0,0.0,0.0
77,G10-78,10,7185,0.0,0.0,0.0
78,G10-79,10,7288,0.0,0.0,0.0
79,G10-80,10,7451,0.0,0.0,0.0
80,G10-81,10,7641,0.0,0.0,0.0
81,G10-82,10,7678,0.0,0.0,0.0
82,G10-83,10,7728,0.0,0.0,0.0
83,G10-84,10,7787,0.0,0.0,0.0
84,G10-85,10,7942,0.0,0.0,0.0
85,G10-86,10,8136,0.0,0.0,0.0
86,G10-87,10,8224,0.0,0.0,0.0
87,G10-88,10,8243,0.0,0.0,0.0
88,G10-89,10,8409,0.0,0.0,0.0
89,G10-90,10,8578,0.0,0.0,0.0
90,G10-91,10,8692,0.0,0.0,0.0
91,G10-92,10,8792,0.0,0.0,0.0
92,G10-93,10,8982,0.0,0.0,0.0
93,G10-94,10,9121,0.0,0.0,0.0
94,G10-95,10,9133,0.0,0.0,0.0
95,G10-96,10,9271,0.0,0.0,0.0
96,G10-97,10,9416,0.0,0.0,0.0
97,G10-98,10,9562,0.0,0.0,0.0
98,G10-99,10,9690,0.0,0.0,0.0
99,G10-100,10,9834,0.0,0.0,0.0
100,G10-101,10,9841,0.0,0.0,0.0
101,G10-102,10,9916,0.0,0.0,0.0
102,G10-103,10,9950,0.0,0.0,0.0
103,G10-104,10,10010,0.0,0.0,0.0
104,G10-105,10,10137,0.0,0.0,0.0
105,G10-106,10,10167,0.0,0.0,0.0
106,G10-107,10,10173,0.0,0.0,0.0
107,G10-108,10,10289,0.0,0.0,0.0
108,G10-109,10,10452,0.0,0.0,0.0
109,G10-110,10,10645,0.0,0.0,0.0
110,G10-111,10,10790,0.0,0.0,0.0
111,G10-112,10,10807,0.0,0.0,0.0
112,G10-113,10,10917,0.0,0.0,0.0
113,G10-114,10,10997,0.0,0.0,0.0
114,G10-115,10,11103,0.0,0.0,0.0
115,G10-116,10,11187,0.0,0.0,0.0
116,G10-117,10,11222,0.0,0.0,0.0
117,G10-118,10,11304,0.0,0.0,0.0
118,G10-119,10,11407,0.0,0.0,0.0
119,G10-120,10,11568,0.0,0.0,0.0
120,G10-121,10,11577,0.0,0.0,0.0
121,G10-122,10,11726,0.0,0.0,0.0
122,G10-123,10,11849,0.0,0.0,0.0
123,G10-124,10,11895,0.0,0.0,0.0
124,G10-125,10,11927,0.0,0.0,0.0
125,G10-126,10,11994,0.0,0.0,0.0
126,G10-127,10,12080,0.0,0.0,0.0
127,G10-128,10,12175,0.0,0.0,0.0
128,G10-129,10,12372,0.0,0.0,0.0
129,G10-130,10,12570,0.0,0.0,0.0
130,G10-131,10,12625,0.0,0.0,0.0
131,G10-132,10,12783,0.0,0.0,0.0
132,G10-133,10,12790,0.0,0.0,0.0
133,G10-134,10,12972,0.0,0.0,0.0
134,G10-135,10,13025,0.0,0.0,0.0
135,G10-136,10,13208,0.0,0.0,0.0
136,G10-137,10,13316,0.0,0.0,0.0
137,G10-138,10,13515,0.0,0.0,0.0
138,G10-139,10,13549,0.0,0.0,0.0
139,G10-140,10,13746,0.0,0.0,0.0
140,G10-141,10,13834,0.0,0.0,0.0
141,G10-142,10,13916,0.0,0.0,0.0
142,G10-143,10,13932,0.0,0.0,0.0
143,G10-144,10,14084,0.0,0.0,0.0
144,G10-145,10,14116,0.0,0.0,0.0
145,G10-146,10,14185,0.0,0.0,0.0
146,G10-147,10,14383,0.0,0.0,0.0
147,G10-148,10,14437,0.0,0.0,0.0
148,G10-149,10,14618,0.0,0.0,0.0
149,G10-150,10,14794,0.0,0.0,0.0
0,G11-1,11,79,0.0,0.0,0.0
1,G11-2,11,139,0.0,0.0,0.0
2,G11-3,11,175,0.0,0.0,0.0
3,G11-4,11,185,0.0,1.0,0.1414213562373095
4,G11-5,11,296,0.0,0.0,0.0
5,G11-6,11,453,0.0,0.0,0.0
6,G11-7,11,462,0.0,0.0,0.0
7,G11-8,11,520,0.0,1.0,0.1414213562373095
8,G11-9,11,538,0.0,0.0,0.0
9,G11-10,11,626,0.0,0.0,0.0
10,G11-11,11,776,0.0,0.0,0.0
11,G11-12,11,788,0.0,1.0,0.1414213562373095
12,G11-13,11,985,0.0,0.0,0.0
13,G11-14,11,1063,0.0,0.0,0.0
14,G11-15,11,1239,0.0,0.0,0.0
15,G11-16,11,1396,0.0,0.0,0.0
16,G11-17,11,1436,0.0,0.0,0.0
17,G11-18,11,1603,0.0,0.0,0.0
18,G11-19,11,1786,0.0,0.0,0.0
19,G11-20,11,1958,0.0,0.0,0.0
20,G11-21,11,1969,0.0,0.0,0.0
21,G11-22,11,2071,0.0,0.0,0.0
22,G11-23,11,2235,0.0,0.0,0.0
23,G11-24,11,2245,0.0,0.0,0.0
24,G11-25,11,2372,0.0,0.0,0.0
25,G11-26,11,2515,0.0,0.0,0.0
26,G11-27,11,2628,0.0,0.0,0.0
27,G11-28,11,2705,0.0,0.0,0.0
28,G11-29,11,2865,0.0,0.0,0.0
29,G11-30,11,2989,0.0,0.0,0.0
30,G11-31,11,3070,0.0,0.0,0.0
31,G11-32,11,3087,0.0,0.0,0.0
32,G11-33,11,3285,0.0,0.0,0.0
33,G11-34,11,3411,0.0,0.0,0.0
34,G11-35,11,3608,0.0,0.0,0.0
35,G11-36,11,3613,0.0,0.0,0.0
36,G11-37,11,3663,0.0,0.0,0.0
37,G11-38,11,3669,0.0,0.0,0.0
38,G11-39,11,3861,0.0,0.0,0.0
39,G11-40,11,3875,0.0,0.0,0.0
40,G11-41,11,3920,0.0,0.0,0.0
41,G11-42,11,4046,0.0,0.0,0.0
42,G11-43,11,4226,0.0,0.0,0.0
43,G11-44,11,4415,0.0,0.0,0.0
44,G11-45,11,4542,0.0,0.0,0.0
45,G11-46,11,4605,1.0,0.0,0.1414213562373095
46,G11-47,11,4721,1.0,0.0,0.1414213562373095
47,G11-48,11,4779,1.0,0.0,0.1414213562373095
48,G11-49,11,4904,1.0,0.0,0.1414213562373095
49,G11-50,11,4964,1.0,0.0,0.1414213562373095
50,G11-51,11,5136,1.0,0.0,0.1414213562373095
51,G11-52,11,5262,1.0,0.0,0.1414213562373095
52,G11-53,11,5382,1.0,0.0,0.1414213562373095
53,G11-54,11,5475,1.0,0.0,0.1414213562373095
54,G11-55,11,5558,1.0,0.0,0.1414213562373095
55,G11-56,11,5749,0.0,0.0,0.0
56,G11-57,11,5867,0.0,0.0,0.0
57,G11-58,11,5942,0.0,0.0,0.0
58,G11-59,11,6081,0.0,0.0,0.0
59,G11-60,11,6253,0.0,0.0,0.0
60,G11-61,11,6307,0.0,0.0,0.0
61,G11-62,11,6423,0.0,0.0,0.0
62,G11-63,11,6476,0.0,0.0,0.0
63,G11-64,11,6662,0.0,0.0,0.0
64,G11-65,11,6789,0.0,0.0,0.0
65,G11-66,11,6981,0.0,0.0,0.0
66,G11-67,11,7169,0.0,1.0,0.1414213562373095
67,G11-68,11,7264,0.0,0.0,0.0
68,G11-69,11,7284,0.0,0.0,0.0
69,G11-70,11,7393,0.0,0.0,0.0
70,G11-71,11,7440,0.0,0.0,0.0
71,G11-72,11,7577,0.0,0.0,0.0
72,G11-73,11,7715,0.0,0.0,0.0
73,G11-74,11,7756,0.0,0.0,0.0
74,G11-75,11,7930,0.0,1.0,0.1414213562373095
75,G11-76,11,7969,0.0,0.0,0.0
76,G11-77,11,8052,0.0,0.0,0.0
77,G11-78,11,8062,0.0,0.0,0.0
78,G11-79,11,8086,0.0,0.0,0.0
79,G11-80,11,8233,0.0,0.0,0.0
80,G11-81,11,8254,0.0,0.0,0.0
81,G11-82,11,8418,0.0,0.0,0.0
82,G11-83,11,8488,0.0,0.0,0.0
83,G11-84,11,8605,0.0,0.0,0.0
84,G11-85,11,8697,0.0,0.0,0.0
85,G11-86,11,8737,0.0,0.0,0.0
86,G11-87,11,8780,0.0,0.0,0.0
87,G11-88,11,8835,0.0,1.0,-0.1414213562373095
88,G11-89,11,8865,0.0,0.0,0.0
89,G11-90,11,9021,0.0,0.0,0.0
90,G11-91,11,9183,0.0,0.0,0.0
91,G11-92,11,9211,0.0,0.0,0.0
92,G11-93,11,9373,0.0,0.0,0.0
93,G11-94,11,9538,0.0,0.0,0.0
94,G11-95,11,9707,0.0,0.0,0.0
95,G11-96,11,9824,0.0,0.0,0.0
96,G11-97,11,9930,0.0,0.0,0.0
97,G11-98,11,10068,0.0,0.0,0.0
98,G11-99,11,10171,0.0,0.0,0.0
99,G11-100,11,10187,0.0,0.0,0.0
0,G12-1,12,5,0.0,0.0,0.0
1,G12-2,12,22,0.0,0.0,0.0
2,G12-3,12,113,0.0,0.0,0.0
3,G12-4,12,152,0.0,0.0,0.0
4,G12-5,12,186,0.0,0.0,0.0
5,G12-6,12,375,0.0,0.0,0.0
6,G12-7,12,428,0.0,0.0,0.0
7,G12-8,12,482,0.0,0.0,0.0
8,G12-9,12,548,0.0,0.0,0.0
9,G12-10,12,700,0.0,0.0,0.0
10,G12-11,12,878,0.0,0.0,0.0
11,G12-12,12,972,0.0,0.0,0.0
12,G12-13,12,1073,0.0,0.0,0.0
13,G12-14,12,1097,0.0,0.0,0.0
14,G12-15,12,1165,0.0,1.0,-0.1414213562373095
15,G12-16,12,1336,0.0,0.0,0.0
16,G12-17,12,1456,0.0,0.0,0.0
17,G12-18,12,1485,0.0,0.0,0.0
18,G12-19,12,1539,0.0,0.0,0.0
19,G12-20,12,1700,0.0,0.0,0.0
20,G12-21,12,1875,0.0,1.0,-0.1414213562373095
21,G12-22,12,2057,0.0,0.0,0.0
22,G12-23,12,2142,0.0,0.0,0.0
23,G12-24,12,2221,0.0,0.0,0.0
24,G12-25,12,2331,0.0,0.0,0.0
25,G12-26,12,2350,0.0,0.0,0.0
26,G12-27,12,2528,0.0,0.0,0.0
27,G12-28,12,2727,0.0,0.0,0.0
28,G12-29,12,2886,0.0,0.0,0.0
29,G12-30,12,2911,0.0,0.0,0.0
30,G12-31,12,3025,0.0,0.0,0.0
31,G12-32,12,3212,0.0,0.0,0.0
32,G12-33,12,3322,0.0,0.0,0.0
33,G12-34,12,3386,0.0,0.0,0.0
34,G12-35,12,3564,0.0,0.0,0.0
35,G12-36,12,3752,0.0,0.0,0.0
36,G12-37,12,3777,0.0,0.0,0.0
37,G12-38,12,3819,0.0,0.0,0.0
38,G12-39,12,3877,0.0,0.0,0.0
39,G12-40,12,3902,0.0,0.0,0.0
40,G12-41,12,3941,0.0,0.0,0.0
41,G12-42,12,3974,0.0,0.0,0.0
42,G12-43,12,4038,0.0,0.0,0.0
43,G12-44,12,4091,0.0,0.0,0.0
44,G12-45,12,4230,0.0,0.0,0.0
45,G12-46,12,4312,1.0,0.0,0.1414213562373095
46,G12-47,12,4343,1.0,0.0,0.1414213562373095
47,G12-48,12,4529,1.0,0.0,0.1414213562373095
48,G12-49,12,4568,1.0,0.0,0.1414213562373095
49,G12-50,12,4639,1.0,0.0,0.1414213562373095
50,G12-51,12,4782,1.0,0.0,0.1414213562373095
51,G12-52,12,4973,1.0,0.0,0.1414213562373095
52,G12-53,12,5058,1.0,0.0,0.1414213562373095
53,G12-54,12,5144,1.0,0.0,0.1414213562373095
54,G12-55,12,5295,1.0,0.0,0.1414213562373095
55,G12-56,12,5365,0.0,0.0,0.0
56,G12-57,12,5554,0.0,0.0,0.0
57,G12-58,12,5583,0.0,0.0,0.0
58,G12-59,12,5701,0.0,0.0,0.0
59,G12-60,12,5865,0.0,0.0,0.0
60,G12-61,12,5978,0.0,0.0,0.0
61,G12-62,12,6126,0.0,0.0,0.0
62,G12-63,12,6235,0.0,0.0,0.0
63,G12-64,12,6243,0.0,0.0,0.0
64,G12-65,12,6330,0.0,0.0,0.0
65,G12-66,12,6457,0.0,0.0,0.0
66,G12-67,12,6627,0.0,1.0,-0.1414213562373095
67,G12-68,12,6824,0.0,0.0,0.0
68,G12-69,12,6895,0.0,0.0,0.0
69,G12-70,12,6909,0.0,0.0,0.0
70,G12-71,12,7010,0.0,0.0,0.0
71,G12-72,12,7146,0.0,0.0,0.0
72,G12-73,12,7214,0.0,0.0,0.0
73,G12-74,12,7229,0.0,0.0,0.0
74,G12-75,12,7329,0.0,0.0,0.0
75,G12-76,12,7506,0.0,0.0,0.0
76,G12-77,12,7543,0.0,1.0,-0.1414213562373095
77,G12-78,12,7738,0.0,0.0,0.0
78,G12-79,12,7761,0.0,0.0,0.0
79,G12-80,12,7936,0.0,0.0,0.0
80,G12-81,12,8113,0.0,0.0,0.0
81,G12-82,12,8249,0.0,0.0,0.0
82,G12-83,12,8287,0.0,1.0,-0.1414213562373095
83,G12-84,12,8457,0.0,0.0,0.0
84,G12-85,12,8573,0.0,0.0,0.0
85,G12-86,12,8734,0.0,0.0,0.0
86,G12-87,12,8895,0.0,0.0,0.0
87,G12-88,12,9045,0.0,0.0,0.0
88,G12-89,12,9051,0.0,1.0,0.1414213562373095
89,G12-90,12,9205,0.0,0.0,0.0
90,G12-91,12,9334,0.0,0.0,0.0
91,G12-92,12,9468,0.0,0.0,0.0
92,G12-93,12,9482,0.0,0.0,0.0
93,G12-94,12,9497,0.0,0.0,0.0
94,G12-95,12,9562,0.0,0.0,0.0
95,G12-96,12,9639,0.0,0.0,0.0
96,G12-97,12,9797,0.0,0.0,0.0
97,G12-98,12,9893,0.0,0.0,0.0
98,G12-99,12,9975,0.0,0.0,0.0
99,G12-100,12,10108,0.0,0.0,0.0
0,G13-1,13,175,0.0,0.0,0.0
1,G13-2,13,194,0.0,0.0,0.0
2,G13-3,13,316,0.0,0.0,0.0
3,G13-4,13,405,0.0,0.0,0.0
4,G13-5,13,564,0.0,0.0,0.0
5,G13-6,13,574,0.0,0.0,0.0
6,G13-7,13,707,0.0,0.0,0.0
7,G13-8,13,868,0.0,0.0,0.0
8,G13-9,13,901,0.0,0.0,0.0
9,G13-10,13,937,0.0,0.0,0.0
10,G13-11,13,975,0.0,0.0,0.0
11,G13-12,13,1138,0.0,0.0,0.0
12,G13-13,13,1318,0.0,0.0,0.0
13,G13-14,13,1330,0.0,1.0,0.1414213562373095
14,G13-15,13,1441,0.0,0.0,0.0
15,G13-16,13,1483,0.0,0.0,0.0
16,G13-17,13,1654,0.0,0.0,0.0
17,G13-18,13,1758,0.0,0.0,0.0
18,G13-19,13,1935,0.0,0.0,0.0
19,G13-20,13,2045,0.0,0.0,0.0
20,G13-21,13,2076,0.0,0.0,0.0
21,G13-22,13,2258,0.0,0.0,0.0
22,G13-23,13,2377,0.0,0.0,0.0
23,G13-24,13,2554,0.0,0.0,0.0
24,G13-25,13,2694,0.0,1.0,-0.1414213562373095
25,G13-26,13,2764,0.0,0.0,0.0
26,G13-27,13,2834,0.0,0.0,0.0
27,G13-28,13,2888,0.0,0.0,0.0
28,G13-29,13,2945,0.0,1.0,-0.1414213562373095
29,G13-30,13,3140,0.0,0.0,0.0
30,G13-31,13,3190,0.0,0.0,0.0
31,G13-32,13,3327,0.0,0.0,0.0
32,G13-33,13,3492,0.0,0.0,0.0
33,G13-34,13,3500,0.0,0.0,0.0
34,G13-35,13,3677,0.0,0.0,0.0
35,G13-36,13,3810,0.0,0.0,0.0
36,G13-37,13,3990,0.0,0.0,0.0
37,G13-38,13,4041,0.0,0.0,0.0
38,G13-39,13,4125,0.0,0.0,0.0
39,G13-40,13,4254,0.0,0.0,0.0
40,G13-41,13,4265,0.0,0.0,0.0
41,G13-42,13,4304,0.0,0.0,0.0
42,G13-43,13,4327,0.0,0.0,0.0
43,G13-44,13,4412,0.0,0.0,0.0
44,G13-45,13,4553,0.0,0.0,0.0
45,G13-46,13,4670,1.0,0.0,0.1414213562373095
46,G13-47,13,4783,1.0,0.0,0.1414213562373095
47,G13-48,13,4926,1.0,0.0,0.1414213562373095
48,G13-49,13,5078,1.0,0.0,0.1414213562373095
49,G13-50,13,5235,1.0,0.0,0.1414213562373095
50,G13-51,13,5285,1.0,0.0,0.1414213562373095
51,G13-52,13,5375,1.0,0.0,0.1414213562373095
52,G13-53,13,5464,1.0,0.0,0.1414213562373095
53,G13-54,13,5556,1.0,0.0,0.1414213562373095
54,G13-55,13,5612,1.0,0.0,0.1414213562373095
55,G13-56,13,5689,0.0,0.0,0.0
56,G13-57,13,5797,0.0,0.0,0.0
57,G13-58,13,5831,0.0,0.0,0.0
58,G13-59,13,5958,0.0,0.0,0.0
59,G13-60,13,6095,0.0,0.0,0.0
60,G13-61,13,6238,0.0,0.0,0.0
61,G13-62,13,6434,0.0,0.0,0.0
62,G13-63,13,6508,0.0,0.0,0.0
63,G13-64,13,6618,0.0,0.0,0.0
64,G13-65,13,6793,0.0,0.0,0.0
65,G13-66,13,6970,0.0,0.0,0.0
66,G13-67,13,7080,0.0,0.0,0.0
67,G13-68,13,7266,0.0,0.0,0.0
68,G13-69,13,7451,0.0,0.0,0.0
69,G13-70,13,7640,0.0,0.0,0.0
70,G13-71,13,7649,0.0,0.0,0.0
71,G13-72,13,7717,0.0,1.0,0.1414213562373095
72,G13-73,13,7903,0.0,0.0,0.0
73,G13-74,13,7929,0.0,0.0,0.0
74,G13-75,13,8019,0.0,0.0,0.0
75,G13-76,13,8024,0.0,0.0,0.0
76,G13-77,13,8194,0.0,0.0,0.0
77,G13-78,13,8323,0.0,1.0,-0.1414213562373095
78,G13-79,13,8493,0.0,0.0,0.0
79,G13-80,13,8587,0.0,0.0,0.0
80,G13-81,13,8602,0.0,0.0,0.0
81,G13-82,13,8682,0.0,0.0,0.0
82,G13-83,13,8858,0.0,0.0,0.0
83,G13-84,13,8892,0.0,0.0,0.0
84,G13-85,13,9058,0.0,0.0,0.0
85,G13-86,13,9171,0.0,0.0,0.0
86,G13-87,13,9273,0.0,0.0,0.0
87,G13-88,13,9436,0.0,0.0,0.0
88,G13-89,13,9554,0.0,0.0,0.0
89,G13-90,13,9589,0.0,0.0,0.0
90,G13-91,13,9734,0.0,0.0,0.0
91,G13-92,13,9902,0.0,0.0,0.0
92,G13-93,13,9912,0.0,1.0,-0.1414213562373095
93,G13-94,13,9989,0.0,0.0,0.0
94,G13-95,13,10180,0.0,0.0,0.0
95,G13-96,13,10379,0.0,0.0,0.0
96,G13-97,13,10508,0.0,0.0,0.0
97,G13-98,13,10541,0.0,0.0,0.0
98,G13-99,13,10669,0.0,0.0,0.0
99,G13-100,13,10866,0.0,0.0,0.0
0,G14-1,14,138,0.0,1.0,0.1414213562373095
1,G14-2,14,190,0.0,0.0,0.0
2,G14-3,14,254,0.0,0.0,0.0
3,G14-4,14,260,0.0,0.0,0.0
4,G14-5,14,315,0.0,0.0,0.0
5,G14-6,14,342,0.0,0.0,0.0
6,G14-7,14,426,0.0,0.0,0.0
7,G14-8,14,513,0.0,0.0,0.0
8,G14-9,14,645,0.0,0.0,0.0
9,G14-10,14,654,0.0,0.0,0.0
10,G14-11,14,763,0.0,0.0,0.0
11,G14-12,14,792,0.0,0.0,0.0
12,G14-13,14,818,0.0,0.0,0.0
13,G14-14,14,867,0.0,1.0,-0.1414213562373095
14,G14-15,14,1027,0.0,0.0,0.0
15,G14-16,14,1066,0.0,0.0,0.0
16,G14-17,14,1102,0.0,0.0,0.0
17,G14-18,14,1298,0.0,0.0,0.0
18,G14-19,14,1449,0.0,0.0,0.0
19,G14-20,14,1481,0.0,1.0,0.1414213562373095
20,G14-21,14,1606,0.0,0.0,0.0
21,G14-22,14,1678,0.0,0.0,0.0
22,G14-23,14,1830,0.0,0.0,0.0
23,G14-24,14,1955,0.0,0.0,0.0
24,G14-25,14,2144,0.0,0.0,0.0
25,G14-26,14,2256,0.0,0.0,0.0
26,G14-27,14,2428,0.0,0.0,0.0
27,G14-28,14,2614,0.0,0.0,0.0
28,G14-29,14,2758,0.0,0.0,0.0
29,G14-30,14,2912,0.0,0.0,0.0
30,G14-31,14,3104,0.0,0.0,0.0
31,G14-32,14,3287,0.0,0.0,0.0
32,G14-33,14,3456,0.0,0.0,0.0
33,G14-34,14,3608,0.0,1.0,-0.1414213562373095
34,G14-35,14,3616,0.0,0.0,0.0
35,G14-36,14,3664,0.0,0.0,0.0
36,G14-37,14,3788,0.0,0.0,0.0
37,G14-38,14,3931,0.0,0.0,0.0
38,G14-39,14,3974,0.0,0.0,0.0
39,G14-40,14,4001,0.0,0.0,0.0
40,G14-41,14,4112,0.0,0.0,0.0
41,G14-42,14,4173,0.0,0.0,0.0
42,G14-43,14,4364,0.0,0.0,0.0
43,G14-44,14,4465,0.0,0.0,0.0
44,G14-45,14,4479,0.0,0.0,0.0
45,G14-46,14,4578,1.0,0.0,-0.1414213562373095
46,G14-47,14,4642,1.0,0.0,-0.1414213562373095
47,G14-48,14,4768,1.0,0.0,-0.1414213562373095
48,G14-49,14,4960,1.0,0.0,-0.1414213562373095
49,G14-50,14,5094,1.0,0.0,-0.1414213562373095
50,G14-51,14,5142,1.0,0.0,-0.1414213562373095
51,G14-52,14,5299,1.0,0.0,-0.1414213562373095
52,G14-53,14,5380,1.0,0.0,-0.1414213562373095
53,G14-54,14,5546,1.0,0.0,-0.1414213562373095
54,G14-55,14,5685,1.0,0.0,-0.1414213562373095
55,G14-56,14,5800,0.0,0.0,0.0
56,G14-57,14,5900,0.0,0.0,0.0
57,G14-58,14,6072,0.0,0.0,0.0
58,G14-59,14,6192,0.0,0.0,0.0
59,G14-60,14,6376,0.0,0.0,0.0
60,G14-61,14,6425,0.0,0.0,0.0
61,G14-62,14,6594,0.0,0.0,0.0
62,G14-63,14,6774,0.0,0.0,0.0
63,G14-64,14,6924,0.0,0.0,0.0
64,G14-65,14,7031,0.0,0.0,0.0
65,G14-66,14,7187,0.0,0.0,0.0
66,G14-67,14,7250,0.0,0.0,0.0
67,G14-68,14,7281,0.0,0.0,0.0
68,G14-69,14,7425,0.0,0.0,0.0
69,G14-70,14,7432,0.0,0.0,0.0
70,G14-71,14,7518,0.0,0.0,0.0
71,G14-72,14,7695,0.0,1.0,0.1414213562373095
72,G14-73,14,7786,0.0,0.0,0.0
73,G14-74,14,7798,0.0,0.0,0.0
74,G14-75,14,7884,0.0,0.0,0.0
75,G14-76,14,7924,0.0,0.0,0.0
76,G14-77,14,8100,0.0,0.0,0.0
77,G14-78,14,8193,0.0,0.0,0.0
78,G14-79,14,8347,0.0,0.0,0.0
79,G14-80,14,8535,0.0,0.0,0.0
80,G14-81,14,8724,0.0,0.0,0.0
81,G14-82,14,8855,0.0,0.0,0.0
82,G14-83,14,9046,0.0,0.0,0.0
83,G14-84,14,9216,0.0,0.0,0.0
84,G14-85,14,9306,0.0,1.0,0.1414213562373095
85,G14-86,14,9448,0.0,0.0,0.0
86,G14-87,14,9458,0.0,0.0,0.0
87,G14-88,14,9521,0.0,0.0,0.0
88,G14-89,14,9684,0.0,0.0,0.0
89,G14-90,14,9859,0.0,0.0,0.0
90,G14-91,14,9976,0.0,0.0,0.0
91,G14-92,14,9986,0.0,0.0,0.0
92,G14-93,14,10005,0.0,0.0,0.0
93,G14-94,14,10102,0.0,0.0,0.0
94,G14-95,14,10122,0.0,0.0,0.0
95,G14-96,14,10291,0.0,0.0,0.0
96,G14-97,14,10298,0.0,0.0,0.0
97,G14-98,14,10351,0.0,0.0,0.0
98,G14-99,14,10466,0.0,0.0,0.0
99,G14-100,14,10540,0.0,0.0,0.0
0,G15-1,15,55,0.0,0.0,0.0
1,G15-2,15,80,0.0,0.0,0.0
2,G15-3,15,250,0.0,0.0,0.0
3,G15-4,15,317,0.0,0.0,0.0
4,G15-5,15,505,0.0,0.0,0.0
5,G15-6,15,674,0.0,0.0,0.0
6,G15-7,15,794,0.0,1.0,-0.1414213562373095
7,G15-8,15,989,0.0,0.0,0.0
8,G15-9,15,1153,0.0,0.0,0.0
9,G15-10,15,1256,0.0,0.0,0.0
10,G15-11,15,1317,0.0,0.0,0.0
11,G15-12,15,1478,0.0,0.0,0.0
12,G15-13,15,1661,0.0,1.0,-0.1414213562373095
13,G15-14,15,1757,0.0,0.0,0.0
14,G15-15,15,1789,0.0,0.0,0.0
15,G15-16,15,1850,0.0,0.0,0.0
16,G15-17,15,1881,0.0,0.0,0.0
17,G15-18,15,2019,0.0,0.0,0.0
18,G15-19,15,2192,0.0,0.0,0.0
19,G15-20,15,2369,0.0,0.0,0.0
20,G15-21,15,2418,0.0,0.0,0.0
21,G15-22,15,2461,0.0,0.0,0.0
22,G15-23,15,2606,0.0,1.0,0.1414213562373095
23,G15-24,15,2713,0.0,0.0,0.0
24,G15-25,15,2774,0.0,0.0,0.0
25,G15-26,15,2971,0.0,0.0,0.0
26,G15-27,15,3166,0.0,0.0,0.0
27,G15-28,15,3246,0.0,0.0,0.0
28,G15-29,15,3349,0.0,0.0,0.0
29,G15-30,15,3439,0.0,0.0,0.0
30,G15-31,15,3638,0.0,0.0,0.0
31,G15-32,15,3730,0.0,0.0,0.0
32,G15-33,15,3840,0.0,1.0,-0.1414213562373095
33,G15-34,15,3861,0.0,0.0,0.0
34,G15-35,15,3917,0.0,0.0,0.0
35,G15-36,15,3977,0.0,0.0,0.0
36,G15-37,15,4125,0.0,0.0,0.0
37,G15-38,15,4281,0.0,0.0,0.0
38,G15-39,15,4390,0.0,0.0,0.0
39,G15-40,15,4586,0.0,0.0,0.0
40,G15-41,15,4765,0.0,0.0,0.0
41,G15-42,15,4792,0.0,0.0,0.0
42,G15-43,15,4820,0.0,0.0,0.0
43,G15-44,15,4938,0.0,0.0,0.0
44,G15-45,15,4996,0.0,0.0,0.0
45,G15-46,15,5054,1.0,0.0,-0.1414213562373095
46,G15-47,15,5242,1.0,0.0,-0.1414213562373095
47,G15-48,15,5436,1.0,0.0,-0.1414213562373095
48,G15-49,15,5607,1.0,0.0,-0.1414213562373095
49,G15-50,15,5682,1.0,0.0,-0.1414213562373095
50,G15-51,15,5733,1.0,0.0,-0.1414213562373095
51,G15-52,15,5910,1.0,0.0,-0.1414213562373095
52,G15-53,15,5924,1.0,0.0,-0.1414213562373095
53,G15-54,15,6040,1.0,0.0,-0.1414213562373095
54,G15-55,15,6159,1.0,0.0,-0.1414213562373095
55,G15-56,15,6302,0.0,0.0,0.0
56,G15-57,15,6482,0.0,0.0,0.0
57,G15-58,15,6508,0.0,0.0,0.0
58,G15-59,15,6609,0.0,0.0,0.0
59,G15-60,15,6642,0.0,0.0,0.0
60,G15-61,15,6736,0.0,0.0,0.0
61,G15-62,15,6912,0.0,0.0,0.0
62,G15-63,15,6941,0.0,0.0,0.0
63,G15-64,15,7021,0.0,0.0,0.0
64,G15-65,15,7049,0.0,0.0,0.0
65,G15-66,15,7155,0.0,1.0,-0.1414213562373095
66,G15-67,15,7327,0.0,0.0,0.0
67,G15-68,15,7364,0.0,0.0,0.0
68,G15-69,15,7550,0.0,0.0,0.0
69,G15-70,15,7689,0.0,0.0,0.0
70,G15-71,15,7850,0.0,0.0,0.0
71,G15-72,15,7882,0.0,0.0,0.0
72,G15-73,15,7999,0.0,0.0,0.0
73,G15-74,15,8013,0.0,0.0,0.0
74,G15-75,15,8064,0.0,0.0,0.0
75,G15-76,15,8236,0.0,0.0,0.0
76,G15-77,15,8302,0.0,0.0,0.0
77,G15-78,15,8415,0.0,0.0,0.0
78,G15-79,15,8434,0.0,0.0,0.0
79,G15-80,15,8448,0.0,0.0,0.0
80,G15-81,15,8509,0.0,0.0,0.0
81,G15-82,15,8583,0.0,0.0,0.0
82,G15-83,15,8729,0.0,0.0,0.0
83,G15-84,15,8822,0.0,0.0,0.0
84,G15-85,15,8902,0.0,0.0,0.0
85,G15-86,15,9074,0.0,0.0,0.0
86,G15-87,15,9246,0.0,0.0,0.0
87,G15-88,15,9432,0.0,0.0,0.0
88,G15-89,15,9527,0.0,0.0,0.0
89,G15-90,15,9543,0.0,0.0,0.0
90,G15-91,15,9548,0.0,0.0,0.0
91,G15-92,15,9734,0.0,0.0,0.0
92,G15-93,15,9847,0.0,0.0,0.0
93,G15-94,15,9892,0.0,0.0,0.0
94,G15-95,15,10091,0.0,0.0,0.0
95,G15-96,15,10238,0.0,1.0,0.1414213562373095
96,G15-97,15,10385,0.0,0.0,0.0
97,G15-98,15,10521,0.0,0.0,0.0
98,G15-99,15,10656,0.0,0.0,0.0
99,G15-100,15,10813,0.0,0.0,0.0
0,G16-1,16,33,0.0,0.0,0.0
1,G16-2,16,153,0.0,0.0,0.0
2,G16-3,16,303,0.0,1.0,0.1414213562373095
3,G16-4,16,460,0.0,0.0,0.0
4,G16-5,16,617,0.0,0.0,0.0
5,G16-6,16,684,0.0,0.0,0.0
6,G16-7,16,858,0.0,0.0,0.0
7,G16-8,16,961,0.0,0.0,0.0
8,G16-9,16,1159,0.0,0.0,0.0
9,G16-10,16,1261,0.0,1.0,-0.1414213562373095
10,G16-11,16,1268,0.0,0.0,0.0
11,G16-12,16,1433,0.0,0.0,0.0
12,G16-13,16,1495,0.0,0.0,0.0
13,G16-14,16,1522,0.0,0.0,0.0
14,G16-15,16,1644,0.0,0.0,0.0
15,G16-16,16,1660,0.0,0.0,0.0
16,G16-17,16,1851,0.0,0.0,0.0
17,G16-18,16,1973,0.0,0.0,0.0
18,G16-19,16,2076,0.0,0.0,0.0
19,G16-20,16,2130,0.0,0.0,0.0
20,G16-21,16,2301,0.0,0.0,0.0
21,G16-22,16,2485,0.0,1.0,-0.1414213562373095
22,G16-23,16,2559,0.0,0.0,0.0
23,G16-24,16,2568,0.0,0.0,0.0
24,G16-25,16,2692,0.0,0.0,0.0
25,G16-26,16,2736,0.0,0.0,0.0
26,G16-27,16,2855,0.0,0.0,0.0
27,G16-28,16,3040,0.0,0.0,0.0
28,G16-29,16,3126,0.0,0.0,0.0
29,G16-30,16,3161,0.0,0.0,0.0
30,G16-31,16,3292,0.0,0.0,0.0
31,G16-32,16,3430,0.0,0.0,0.0
32,G16-33,16,3536,0.0,1.0,0.1414213562373095
33,G16-34,16,3677,0.0,0.0,0.0
34,G16-35,16,3773,0.0,0.0,0.0
35,G16-36,16,3945,0.0,0.0,0.0
36,G16-37,16,4117,0.0,0.0,0.0
37,G16-38,16,4315,0.0,0.0,0.0
38,G16-39,16,4455,0.0,0.0,0.0
39,G16-40,16,4637,0.0,0.0,0.0
40,G16-41,16,4822,0.0,0.0,0.0
41,G16-42,16,4889,0.0,0.0,0.0
42,G16-43,16,5083,0.0,0.0,0.0
43,G16-44,16,5155,0.0,0.0,0.0
44,G16-45,16,5222,0.0,0.0,0.0
45,G16-46,16,5311,1.0,0.0,-0.1414213562373095
46,G16-47,16,5349,1.0,0.0,-0.1414213562373095
47,G16-48,16,5356,1.0,0.0,-0.1414213562373095
48,G16-49,16,5446,1.0,0.0,-0.1414213562373095
49,G16-50,16,5621,1.0,0.0,-0.1414213562373095
50,G16-51,16,5726,1.0,0.0,-0.1414213562373095
51,G16-52,16,5781,1.0,0.0,-0.1414213562373095
52,G16-53,16,5925,1.0,0.0,-0.1414213562373095
53,G16-54,16,5985,1.0,0.0,-0.1414213562373095
54,G16-55,16,6078,1.0,0.0,-0.1414213562373095
55,G16-56,16,6251,0.0,0.0,0.0
56,G16-57,16,6427,0.0,0.0,0.0
57,G16-58,16,6619,0.0,0.0,0.0
58,G16-59,16,6673,0.0,0.0,0.0
59,G16-60,16,6770,0.0,0.0,0.0
60,G16-61,16,6919,0.0,0.0,0.0
61,G16-62,16,7118,0.0,0.0,0.0
62,G16-63,16,7141,0.0,0.0,0.0
63,G16-64,16,7233,0.0,0.0,0.0
64,G16-65,16,7364,0.0,0.0,0.0
65,G16-66,16,7400,0.0,0.0,0.0
66,G16-67,16,7543,0.0,0.0,0.0
67,G16-68,16,7613,0.0,0.0,0.0
68,G16-69,16,7624,0.0,0.0,0.0
69,G16-70,16,7687,0.0,0.0,0.0
70,G16-71,16,7831,0.0,0.0,0.0
71,G16-72,16,7997,0.0,0.0,0.0
72,G16-73,16,8033,0.0,0.0,0.0
73,G16-74,16,8199,0.0,0.0,0.0
74,G16-75,16,8330,0.0,0.0,0.0
75,G16-76,16,8441,0.0,0.0,0.0
76,G16-77,16,8529,0.0,0.0,0.0
77,G16-78,16,8551,0.0,0.0,0.0
78,G16-79,16,8723,0.0,0.0,0.0
79,G16-80,16,8804,0.0,0.0,0.0
80,G16-81,16,8842,0.0,0.0,0.0
81,G16-82,16,8903,0.0,1.0,0.1414213562373095
82,G16-83,16,8981,0.0,0.0,0.0
83,G16-84,16,9032,0.0,0.0,0.0
84,G16-85,16,9215,0.0,0.0,0.0
85,G16-86,16,9377,0.0,0.0,0.0
86,G16-87,16,9558,0.0,1.0,0.1414213562373095
87,G16-88,16,9676,0.0,0.0,0.0
88,G16-89,16,9757,0.0,0.0,0.0
89,G16-90,16,9861,0.0,0.0,0.0
90,G16-91,16,9939,0.0,0.0,0.0
91,G16-92,16,10055,0.0,0.0,0.0
92,G16-93,16,10144,0.0,0.0,0.0
93,G16-94,16,10209,0.0,0.0,0.0
94,G16-95,16,10273,0.0,0.0,0.0
95,G16-96,16,10347,0.0,0.0,0.0
96,G16-97,16,10535,0.0,0.0,0.0
97,G16-98,16,10702,0.0,0.0,0.0
98,G16-99,16,10725,0.0,0.0,0.0
99,G16-100,16,10852,0.0,0.0,0.0
0,G17-1,17,48,0.0,0.0,0.0
1,G17-2,17,156,0.0,0.0,0.0
2,G17-3,17,220,0.0,0.0,0.0
3,G17-4,17,412,0.0,0.0,0.0
4,G17-5,17,553,0.0,0.0,0.0
5,G17-6,17,614,0.0,0.0,0.0
6,G17-7,17,802,0.0,0.0,0.0
7,G17-8,17,862,0.0,0.0,0.0
8,G17-9,17,925,0.0,0.0,0.0
9,G17-10,17,1071,0.0,0.0,0.0
10,G17-11,17,1192,0.0,0.0,0.0
11,G17-12,17,1198,0.0,0.0,0.0
12,G17-13,17,1385,0.0,0.0,0.0
13,G17-14,17,1572,0.0,0.0,0.0
14,G17-15,17,1676,0.0,0.0,0.0
15,G17-16,17,1791,0.0,0.0,0.0
16,G17-17,17,1974,0.0,0.0,0.0
17,G17-18,17,1999,0.0,0.0,0.0
18,G17-19,17,2124,0.0,0.0,0.0
19,G17-20,17,2227,0.0,0.0,0.0
20,G17-21,17,2424,0.0,0.0,0.0
21,G17-22,17,2467,0.0,0.0,0.0
22,G17-23,17,2630,0.0,0.0,0.0
23,G17-24,17,2738,0.0,0.0,0.0
24,G17-25,17,2897,0.0,0.0,0.0
25,G17-26,17,2995,0.0,0.0,0.0
26,G17-27,17,3007,0.0,0.0,0.0
27,G17-28,17,3085,0.0,0.0,0.0
28,G17-29,17,3110,0.0,0.0,0.0
29,G17-30,17,3210,0.0,0.0,0.0
30,G17-31,17,3241,0.0,0.0,0.0
31,G17-32,17,3264,0.0,0.0,0.0
32,G17-33,17,3391,0.0,0.0,0.0
33,G17-34,17,3414,0.0,0.0,0.0
34,G17-35,17,3486,0.0,0.0,0.0
35,G17-36,17,3500,0.0,0.0,0.0
36,G17-37,17,3621,0.0,0.0,0.0
37,G17-38,17,3674,0.0,0.0,0.0
38,G17-39,17,3831,0.0,0.0,0.0
39,G17-40,17,4001,0.0,0.0,0.0
40,G17-41,17,4027,0.0,0.0,0.0
41,G17-42,17,4086,0.0,0.0,0.0
42,G17-43,17,4125,0.0,0.0,0.0
43,G17-44,17,4262,0.0,0.0,0.0
44,G17-45,17,4338,0.0,0.0,0.0
45,G17-46,17,4490,0.0,0.0,0.0
46,G17-47,17,4625,0.0,0.0,0.0
47,G17-48,17,4773,0.0,0.0,0.0
48,G17-49,17,4970,0.0,0.0,0.0
49,G17-50,17,5133,0.0,0.0,0.0
50,G17-51,17,5220,0.0,0.0,0.0
51,G17-52,17,5233,0.0,0.0,0.0
52,G17-53,17,5395,0.0,0.0,0.0
53,G17-54,17,5468,0.0,0.0,0.0
54,G17-55,17,5603,0.0,0.0,0.0
55,G17-56,17,5716,0.0,0.0,0.0
56,G17-57,17,5731,0.0,0.0,0.0
57,G17-58,17,5926,0.0,0.0,0.0
58,G17-59,17,5980,0.0,0.0,0.0
59,G17-60,17,6055,0.0,0.0,0.0
60,G17-61,17,6240,0.0,0.0,0.0
61,G17-62,17,6262,0.0,0.0,0.0
62,G17-63,17,6377,0.0,0.0,0.0
63,G17-64,17,6453,0.0,0.0,0.0
64,G17-65,17,6561,0.0,0.0,0.0
65,G17-66,17,6695,0.0,0.0,0.0
66,G17-67,17,6723,0.0,0.0,0.0
67,G17-68,17,6830,0.0,0.0,0.0
68,G17-69,17,7004,0.0,0.0,0.0
69,G17-70,17,7091,0.0,0.0,0.0
70,G17-71,17,7254,0.0,0.0,0.0
71,G17-72,17,7390,0.0,0.0,0.0
72,G17-73,17,7409,0.0,0.0,0.0
73,G17-74,17,7421,0.0,0.0,0.0
74,G17-75,17,7519,0.0,0.0,0.0
75,G17-76,17,7694,0.0,0.0,0.0
76,G17-77,17,7740,0.0,0.0,0.0
77,G17-78,17,7775,0.0,0.0,0.0
78,G17-79,17,7943,0.0,0.0,0.0
79,G17-80,17,8009,0.0,0.0,0.0
80,G17-81,17,8188,0.0,0.0,0.0
81,G17-82,17,8369,0.0,0.0,0.0
82,G17-83,17,8552,0.0,0.0,0.0
83,G17-84,17,8632,0.0,0.0,0.0
84,G17-85,17,8799,0.0,0.0,0.0
85,G17-86,17,8805,0.0,0.0,0.0
86,G17-87,17,8866,0.0,0.0,0.0
87,G17-88,17,8956,0.0,0.0,0.0
88,G17-89,17,9051,0.0,0.0,0.0
89,G17-90,17,9059,0.0,0.0,0.0
90,G17-91,17,9248,0.0,0.0,0.0
91,G17-92,17,9402,0.0,0.0,0.0
92,G17-93,17,9527,0.0,0.0,0.0
93,G17-94,17,9534,0.0,0.0,0.0
94,G17-95,17,9617,0.0,0.0,0.0
95,G17-96,17,9754,0.0,0.0,0.0
96,G17-97,17,9801,0.0,0.0,0.0
97,G17-98,17,9885,0.0,0.0,0.0
98,G17-99,17,10032,0.0,0.0,0.0
99,G17-100,17,10101,0.0,0.0,0.0
0,G18-1,18,194,0.0,0.0,0.0
1,G18-2,18,306,0.0,0.0,0.0
2,G18-3,18,363,0.0,0.0,0.0
3,G18-4,18,452,0.0,0.0,0.0
4,G18-5,18,598,0.0,0.0,0.0
5,G18-6,18,603,0.0,0.0,0.0
6,G18-7,18,674,0.0,0.0,0.0
7,G18-8,18,706,0.0,0.0,0.0
8,G18-9,18,820,0.0,0.0,0.0
9,G18-10,18,905,0.0,0.0,0.0
10,G18-11,18,1001,0.0,0.0,0.0
11,G18-12,18,1120,0.0,0.0,0.0
12,G18-13,18,1216,0.0,0.0,0.0
13,G18-14,18,1292,0.0,0.0,0.0
14,G18-15,18,1351,0.0,0.0,0.0
15,G18-16,18,1370,0.0,0.0,0.0
16,G18-17,18,1516,0.0,0.0,0.0
17,G18-18,18,1536,0.0,0.0,0.0
18,G18-19,18,1617,0.0,0.0,0.0
19,G18-20,18,1667,0.0,0.0,0.0
20,G18-21,18,1730,0.0,0.0,0.0
21,G18-22,18,1774,0.0,0.0,0.0
22,G18-23,18,1794,0.0,0.0,0.0
23,G18-24,18,1932,0.0,0.0,0.0
24,G18-25,18,2023,0.0,0.0,0.0
25,G18-26,18,2131,0.0,0.0,0.0
26,G18-27,18,2326,0.0,0.0,0.0
27,G18-28,18,2419,0.0,0.0,0.0
28,G18-29,18,2595,0.0,0.0,0.0
29,G18-30,18,2646,0.0,0.0,0.0
30,G18-31,18,2827,0.0,0.0,0.0
31,G18-32,18,2971,0.0,0.0,0.0
32,G18-33,18,3107,0.0,0.0,0.0
33,G18-34,18,3268,0.0,0.0,0.0
34,G18-35,18,3445,0.0,0.0,0.0
35,G18-36,18,3536,0.0,0.0,0.0
36,G18-37,18,3609,0.0,0.0,0.0
37,G18-38,18,3740,0.0,0.0,0.0
38,G18-39,18,3892,0.0,0.0,0.0
39,G18-40,18,3933,0.0,0.0,0.0
40,G18-41,18,4093,0.0,0.0,0.0
41,G18-42,18,4252,0.0,0.0,0.0
42,G18-43,18,4278,0.0,0.0,0.0
43,G18-44,18,4463,0.0,0.0,0.0
44,G18-45,18,4560,0.0,0.0,0.0
45,G18-46,18,4688,0.0,0.0,0.0
46,G18-47,18,4739,0.0,0.0,0.0
47,G18-48,18,4833,0.0,0.0,0.0
48,G18-49,18,4885,0.0,0.0,0.0
49,G18-50,18,4908,0.0,0.0,0.0
50,G18-51,18,4945,0.0,0.0,0.0
51,G18-52,18,5004,0.0,0.0,0.0
52,G18-53,18,5162,0.0,0.0,0.0
53,G18-54,18,5324,0.0,0.0,0.0
54,G18-55,18,5388,0.0,0.0,0.0
55,G18-56,18,5564,0.0,0.0,0.0
56,G18-57,18,5655,0.0,0.0,0.0
57,G18-58,18,5792,0.0,0.0,0.0
58,G18-59,18,5921,0.0,0.0,0.0
59,G18-60,18,5944,0.0,0.0,0.0
60,G18-61,18,6065,0.0,0.0,0.0
61,G18-62,18,6246,0.0,0.0,0.0
62,G18-63,18,6402,0.0,0.0,0.0
63,G18-64,18,6456,0.0,0.0,0.0
64,G18-65,18,6532,0.0,0.0,0.0
65,G18-66,18,6613,0.0,0.0,0.0
66,G18-67,18,6787,0.0,0.0,0.0
67,G18-68,18,6914,0.0,0.0,0.0
68,G18-69,18,6969,0.0,0.0,0.0
69,G18-70,18,7082,0.0,0.0,0.0
70,G18-71,18,7192,0.0,0.0,0.0
71,G18-72,18,7325,0.0,0.0,0.0
72,G18-73,18,7379,0.0,0.0,0.0
73,G18-74,18,7390,0.0,0.0,0.0
74,G18-75,18,7490,0.0,0.0,0.0
75,G18-76,18,7615,0.0,0.0,0.0
76,G18-77,18,7795,0.0,0.0,0.0
77,G18-78,18,7920,0.0,0.0,0.0
78,G18-79,18,8041,0.0,0.0,0.0
79,G18-80,18,8183,0.0,0.0,0.0
80,G18-81,18,8325,0.0,0.0,0.0
81,G18-82,18,8382,0.0,0.0,0.0
82,G18-83,18,8534,0.0,0.0,0.0
83,G18-84,18,8562,0.0,0.0,0.0
84,G18-85,18,8674,0.0,0.0,0.0
85,G18-86,18,8729,0.0,0.0,0.0
86,G18-87,18,8905,0.0,0.0,0.0
87,G18-88,18,8928,0.0,0.0,0.0
88,G18-89,18,9007,0.0,0.0,0.0
89,G18-90,18,9130,0.0,0.0,0.0
90,G18-91,18,9309,0.0,0.0,0.0
91,G18-92,18,9444,0.0,0.0,0.0
92,G18-93,18,9594,0.0,0.0,0.0
93,G18-94,18,9664,0.0,0.0,0.0
94,G18-95,18,9723,0.0,0.0,0.0
95,G18-96,18,9735,0.0,0.0,0.0
96,G18-97,18,9766,0.0,0.0,0.0
97,G18-98,18,9902,0.0,0.0,0.0
98,G18-99,18,9935,0.0,0.0,0.0
99,G18-100,18,9982,0.0,0.0,0.0
0,G19-1,19,140,0.0,0.0,0.0
1,G19-2,19,320,0.0,0.0,0.0
2,G19-3,19,448,0.0,0.0,0.0
3,G19-4,19,522,0.0,0.0,0.0
4,G19-5,19,670,0.0,0.0,0.0
5,G19-6,19,835,0.0,0.0,0.0
6,G19-7,19,1021,0.0,0.0,0.0
7,G19-8,19,1114,0.0,0.0,0.0
8,G19-9,19,1214,0.0,0.0,0.0
9,G19-10,19,1277,0.0,0.0,0.0
10,G19-11,19,1331,0.0,0.0,0.0
11,G19-12,19,1434,0.0,0.0,0.0
12,G19-13,19,1576,0.0,0.0,0.0
13,G19-14,19,1647,0.0,0.0,0.0
14,G19-15,19,1723,0.0,0.0,0.0
15,G19-16,19,1842,0.0,0.0,0.0
16,G19-17,19,2025,0.0,0.0,0.0
17,G19-18,19,2190,0.0,0.0,0.0
18,G19-19,19,2198,0.0,0.0,0.0
19,G19-20,19,2306,0.0,0.0,0.0
20,G19-21,19,2409,0.0,0.0,0.0
21,G19-22,19,2503,0.0,0.0,0.0
22,G19-23,19,2515,0.0,0.0,0.0
23,G19-24,19,2571,0.0,0.0,0.0
24,G19-25,19,2648,0.0,0.0,0.0
25,G19-26,19,2710,0.0,0.0,0.0
26,G19-27,19,2789,0.0,0.0,0.0
27,G19-28,19,2931,0.0,0.0,0.0
28,G19-29,19,2998,0.0,0.0,0.0
29,G19-30,19,3135,0.0,0.0,0.0
30,G19-31,19,3161,0.0,0.0,0.0
31,G19-32,19,3320,0.0,0.0,0.0
32,G19-33,19,3425,0.0,0.0,0.0
33,G19-34,19,3572,0.0,0.0,0.0
34,G19-35,19,3586,0.0,0.0,0.0
35,G19-36,19,3645,0.0,0.0,0.0
36,G19-37,19,3800,0.0,0.0,0.0
37,G19-38,19,3904,0.0,0.0,0.0
38,G19-39,19,3939,0.0,0.0,0.0
39,G19-40,19,4063,0.0,0.0,0.0
40,G19-41,19,4230,0.0,0.0,0.0
41,G19-42,19,4395,0.0,0.0,0.0
42,G19-43,19,4522,0.0,0.0,0.0
43,G19-44,19,4714,0.0,0.0,0.0
44,G19-45,19,4793,0.0,0.0,0.0
45,G19-46,19,4965,0.0,0.0,0.0
46,G19-47,19,5125,0.0,0.0,0.0
47,G19-48,19,5215,0.0,0.0,0.0
48,G19-49,19,5304,0.0,0.0,0.0
49,G19-50,19,5320,0.0,0.0,0.0
50,G19-51,19,5348,0.0,0.0,0.0
51,G19-52,19,5358,0.0,0.0,0.0
52,G19-53,19,5374,0.0,0.0,0.0
53,G19-54,19,5480,0.0,0.0,0.0
54,G19-55,19,5609,0.0,0.0,0.0
55,G19-56,19,5667,0.0,0.0,0.0
56,G19-57,19,5808,0.0,0.0,0.0
57,G19-58,19,5947,0.0,0.0,0.0
58,G19-59,19,6014,0.0,0.0,0.0
59,G19-60,19,6145,0.0,0.0,0.0
60,G19-61,19,6177,0.0,0.0,0.0
61,G19-62,19,6297,0.0,0.0,0.0
62,G19-63,19,6377,0.0,0.0,0.0
63,G19-64,19,6518,0.0,0.0,0.0
64,G19-65,19,6654,0.0,0.0,0.0
65,G19-66,19,6822,0.0,0.0,0.0
66,G19-67,19,6911,0.0,0.0,0.0
67,G19-68,19,7032,0.0,0.0,0.0
68,G19-69,19,7127,0.0,0.0,0.0
69,G19-70,19,7270,0.0,0.0,0.0
70,G19-71,19,7413,0.0,0.0,0.0
71,G19-72,19,7429,0.0,0.0,0.0
72,G19-73,19,7488,0.0,0.0,0.0
73,G19-74,19,7564,0.0,0.0,0.0
74,G19-75,19,7598,0.0,0.0,0.0
75,G19-76,19,7780,0.0,0.0,0.0
76,G19-77,19,7794,0.0,0.0,0.0
77,G19-78,19,7915,0.0,0.0,0.0
78,G19-79,19,7970,0.0,0.0,0.0
79,G19-80,19,8020,0.0,0.0,0.0
80,G19-81,19,8051,0.0,0.0,0.0
81,G19-82,19,8225,0.0,0.0,0.0
82,G19-83,19,8280,0.0,0.0,0.0
83,G19-84,19,8300,0.0,0.0,0.0
84,G19-85,19,8324,0.0,0.0,0.0
85,G19-86,19,8471,0.0,0.0,0.0
86,G19-87,19,8526,0.0,0.0,0.0
87,G19-88,19,8544,0.0,0.0,0.0
88,G19-89,19,8698,0.0,0.0,0.0
89,G19-90,19,8840,0.0,0.0,0.0
90,G19-91,19,8967,0.0,0.0,0.0
91,G19-92,19,9135,0.0,0.0,0.0
92,G19-93,19,9333,0.0,0.0,0.0
93,G19-94,19,9467,0.0,0.0,0.0
94,G19-95,19,9653,0.0,0.0,0.0
95,G19-96,19,9784,0.0,0.0,0.0
96,G19-97,19,9892,0.0,0.0,0.0
97,G19-98,19,9943,0.0,0.0,0.0
98,G19-99,19,9964,0.0,0.0,0.0
99,G19-100,19,10106,0.0,0.0,0.0
0,G20-1,20,114,0.0,0.0,0.0
1,G20-2,20,170,0.0,0.0,0.0
2,G20-3,20,270,0.0,0.0,0.0
3,G20-4,20,276,0.0,0.0,0.0
4,G20-5,20,355,0.0,0.0,0.0
5,G20-6,20,473,0.0,0.0,0.0
6,G20-7,20,537,0.0,0.0,0.0
7,G20-8,20,550,0.0,0.0,0.0
8,G20-9,20,679,0.0,0.0,0.0
9,G20-10,20,831,0.0,0.0,0.0
10,G20-11,20,903,0.0,0.0,0.0
11,G20-12,20,963,0.0,0.0,0.0
12,G20-13,20,1101,0.0,0.0,0.0
13,G20-14,20,1215,0.0,0.0,0.0
14,G20-15,20,1351,0.0,0.0,0.0
15,G20-16,20,1434,0.0,0.0,0.0
16,G20-17,20,1479,0.0,0.0,0.0
17,G20-18,20,1602,0.0,0.0,0.0
18,G20-19,20,1798,0.0,0.0,0.0
19,G20-20,20,1825,0.0,0.0,0.0
20,G20-21,20,1863,0.0,0.0,0.0
21,G20-22,20,2057,0.0,0.0,0.0
22,G20-23,20,2174,0.0,0.0,0.0
23,G20-24,20,2222,0.0,0.0,0.0
24,G20-25,20,2334,0.0,0.0,0.0
25,G20-26,20,2522,0.0,0.0,0.0
26,G20-27,20,2530,0.0,0.0,0.0
27,G20-28,20,2640,0.0,0.0,0.0
28,G20-29,20,2736,0.0,0.0,0.0
29,G20-30,20,2844,0.0,0.0,0.0
30,G20-31,20,2919,0.0,0.0,0.0
31,G20-32,20,3092,0.0,0.0,0.0
32,G20-33,20,3120,0.0,0.0,0.0
33,G20-34,20,3218,0.0,0.0,0.0
34,G20-35,20,3293,0.0,0.0,0.0
35,G20-36,20,3299,0.0,0.0,0.0
36,G20-37,20,3449,0.0,0.0,0.0
37,G20-38,20,3633,0.0,0.0,0.0
38,G20-39,20,3653,0.0,0.0,0.0
39,G20-40,20,3723,0.0,0.0,0.0
40,G20-41,20,3861,0.0,0.0,0.0
41,G20-42,20,3986,0.0,0.0,0.0
42,G20-43,20,4158,0.0,0.0,0.0
43,G20-44,20,4164,0.0,0.0,0.0
44,G20-45,20,4251,0.0,0.0,0.0
45,G20-46,20,4331,0.0,0.0,0.0
46,G20-47,20,4483,0.0,0.0,0.0
47,G20-48,20,4564,0.0,0.0,0.0
48,G20-49,20,4668,0.0,0.0,0.0
49,G20-50,20,4750,0.0,0.0,0.0
50,G20-51,20,4866,0.0,0.0,0.0
51,G20-52,20,5032,0.0,0.0,0.0
52,G20-53,20,5157,0.0,0.0,0.0
53,G20-54,20,5206,0.0,0.0,0.0
54,G20-55,20,5347,0.0,0.0,0.0
55,G20-56,20,5387,0.0,0.0,0.0
56,G20-57,20,5576,0.0,0.0,0.0
57,G20-58,20,5685,0.0,0.0,0.0
58,G20-59,20,5818,0.0,0.0,0.0
59,G20-60,20,5909,0.0,0.0,0.0
60,G20-61,20,6091,0.0,0.0,0.0
61,G20-62,20,6152,0.0,0.0,0.0
62,G20-63,20,6278,0.0,0.0,0.0
63,G20-64,20,6325,0.0,0.0,0.0
64,G20-65,20,6501,0.0,0.0,0.0
65,G20-66,20,6664,0.0,0.0,0.0
66,G20-67,20,6855,0.0,0.0,0.0
67,G20-68,20,6903,0.0,0.0,0.0
68,G20-69,20,6997,0.0,0.0,0.0
69,G20-70,20,7027,0.0,0.0,0.0
70,G20-71,20,7047,0.0,0.0,0.0
71,G20-72,20,7238,0.0,0.0,0.0
72,G20-73,20,7407,0.0,0.0,0.0
73,G20-74,20,7562,0.0,0.0,0.0
74,G20-75,20,7644,0.0,0.0,0.0
75,G20-76,20,7813,0.0,0.0,0.0
76,G20-77,20,8007,0.0,0.0,0.0
77,G20-78,20,8184,0.0,0.0,0.0
78,G20-79,20,8363,0.0,0.0,0.0
79,G20-80,20,8552,0.0,0.0,0.0
80,G20-81,20,8603,0.0,0.0,0.0
81,G20-82,20,8693,0.0,0.0,0.0
82,G20-83,20,8801,0.0,0.0,0.0
83,G20-84,20,8951,0.0,0.0,0.0
84,G20-85,20,9148,0.0,0.0,0.0
85,G20-86,20,9259,0.0,0.0,0.0
86,G20-87,20,9343,0.0,0.0,0.0
87,G20-88,20,9445,0.0,0.0,0.0
88,G20-89,20,9587,0.0,0.0,0.0
89,G20-90,20,9603,0.0,0.0,0.0
90,G20-91,20,9670,0.0,0.0,0.0
91,G20-92,20,9783,0.0,0.0,0.0
92,G20-93,20,9893,0.0,0.0,0.0
93,G20-94,20,9940,0.0,0.0,0.0
94,G20-95,20,10055,0.0,0.0,0.0
95,G20-96,20,10069,0.0,0.0,0.0
96,G20-97,20,10168,0.0,0.0,0.0
97,G20-98,20,10217,0.0,0.0,0.0
98,G20-99,20,10255,0.0,0.0,0.0
99,G20-100,20,10347,0.0,0.0,0.0
0,G21-1,21,133,0.0,1.0,-0.1414213562373095
1,G21-2,21,139,0.0,0.0,0.0
2,G21-3,21,165,0.0,0.0,0.0
3,G21-4,21,313,0.0,0.0,0.0
4,G21-5,21,409,0.0,1.0,-0.1414213562373095
5,G21-6,21,534,0.0,0.0,0.0
6,G21-7,21,563,0.0,0.0,0.0
7,G21-8,21,756,0.0,0.0,0.0
8,G21-9,21,882,0.0,0.0,0.0
9,G21-10,21,1036,0.0,1.0,-0.1414213562373095
10,G21-11,21,1150,0.0,0.0,0.0
11,G21-12,21,1259,0.0,0.0,0.0
12,G21-13,21,1330,0.0,0.0,0.0
13,G21-14,21,1481,0.0,0.0,0.0
14,G21-15,21,1534,0.0,0.0,0.0
15,G21-16,21,1712,0.0,0.0,0.0
16,G21-17,21,1819,0.0,0.0,0.0
17,G21-18,21,1991,0.0,0.0,0.0
18,G21-19,21,2152,0.0,0.0,0.0
19,G21-20,21,2344,0.0,0.0,0.0
20,G21-21,21,2386,0.0,0.0,0.0
21,G21-22,21,2570,0.0,0.0,0.0
22,G21-23,21,2729,1.0,0.0,0.1414213562373095
23,G21-24,21,2877,1.0,0.0,0.1414213562373095
24,G21-25,21,2919,1.0,0.0,0.1414213562373095
25,G21-26,21,2972,1.0,0.0,0.1414213562373095
26,G21-27,21,2999,1.0,0.0,0.1414213562373095
27,G21-28,21,3101,0.0,0.0,0.0
28,G21-29,21,3186,0.0,0.0,0.0
29,G21-30,21,3278,0.0,0.0,0.0
30,G21-31,21,3343,0.0,0.0,0.0
31,G21-32,21,3391,0.0,0.0,0.0
32,G21-33,21,3571,0.0,0.0,0.0
33,G21-34,21,3600,0.0,0.0,0.0
34,G21-35,21,3617,0.0,0.0,0.0
35,G21-36,21,3729,0.0,0.0,0.0
36,G21-37,21,3739,0.0,0.0,0.0
37,G21-38,21,3877,0.0,0.0,0.0
38,G21-39,21,3917,0.0,0.0,0.0
39,G21-40,21,4044,0.0,0.0,0.0
40,G21-41,21,4152,0.0,0.0,0.0
41,G21-42,21,4305,0.0,0.0,0.0
42,G21-43,21,4321,0.0,0.0,0.0
43,G21-44,21,4434,0.0,0.0,0.0
44,G21-45,21,4515,0.0,0.0,0.0
45,G21-46,21,4699,0.0,0.0,0.0
46,G21-47,21,4777,0.0,0.0,0.0
47,G21-48,21,4913,0.0,0.0,0.0
48,G21-49,21,5026,0.0,0.0,0.0
49,G21-50,21,5062,0.0,0.0,0.0
0,G22-1,22,65,0.0,0.0,0.0
1,G22-2,22,178,0.0,0.0,0.0
2,G22-3,22,359,0.0,0.0,0.0
3,G22-4,22,459,0.0,0.0,0.0
4,G22-5,22,568,0.0,0.0,0.0
5,G22-6,22,718,0.0,0.0,0.0
6,G22-7,22,769,0.0,0.0,0.0
7,G22-8,22,896,0.0,0.0,0.0
8,G22-9,22,1072,0.0,0.0,0.0
9,G22-10,22,1200,0.0,1.0,-0.1414213562373095
10,G22-11,22,1258,0.0,0.0,0.0
11,G22-12,22,1413,0.0,0.0,0.0
12,G22-13,22,1519,0.0,0.0,0.0
13,G22-14,22,1582,0.0,0.0,0.0
14,G22-15,22,1742,0.0,0.0,0.0
15,G22-16,22,1881,0.0,0.0,0.0
16,G22-17,22,1953,0.0,0.0,0.0
17,G22-18,22,2100,0.0,0.0,0.0
18,G22-19,22,2107,0.0,0.0,0.0
19,G22-20,22,2118,0.0,0.0,0.0
20,G22-21,22,2284,0.0,0.0,0.0
21,G22-22,22,2432,0.0,0.0,0.0
22,G22-23,22,2440,1.0,0.0,0.1414213562373095
23,G22-24,22,2502,1.0,0.0,0.1414213562373095
24,G22-25,22,2550,1.0,0.0,0.1414213562373095
25,G22-26,22,2666,1.0,0.0,0.1414213562373095
26,G22-27,22,2792,1.0,0.0,0.1414213562373095
27,G22-28,22,2839,0.0,0.0,0.0
28,G22-29,22,2953,0.0,0.0,0.0
29,G22-30,22,3024,0.0,0.0,0.0
30,G22-31,22,3142,0.0,0.0,0.0
31,G22-32,22,3242,0.0,0.0,0.0
32,G22-33,22,3376,0.0,0.0,0.0
33,G22-34,22,3487,0.0,0.0,0.0
34,G22-35,22,3636,0.0,0.0,0.0
35,G22-36,22,3719,0.0,0.0,0.0
36,G22-37,22,3864,0.0,0.0,0.0
37,G22-38,22,3952,0.0,0.0,0.0
38,G22-39,22,3965,0.0,0.0,0.0
39,G22-40,22,4077,0.0,0.0,0.0
40,G22-41,22,4115,0.0,1.0,0.1414213562373095
41,G22-42,22,4143,0.0,0.0,0.0
42,G22-43,22,4205,0.0,0.0,0.0
43,G22-44,22,4382,0.0,0.0,0.0
44,G22-45,22,4441,0.0,0.0,0.0
45,G22-46,22,4476,0.0,0.0,0.0
46,G22-47,22,4495,0.0,1.0,0.1414213562373095
47,G22-48,22,4588,0.0,0.0,0.0
48,G22-49,22,4749,0.0,0.0,0.0
49,G22-50,22,4828,0.0,0.0,0.0
0,G23-1,23,91,0.0,0.0,0.0
1,G23-2,23,174,0.0,1.0,0.1414213562373095
2,G23-3,23,215,0.0,0.0,0.0
3,G23-4,23,267,0.0,0.0,0.0
4,G23-5,23,378,0.0,0.0,0.0
5,G23-6,23,509,0.0,0.0,0.0
6,G23-7,23,700,0.0,0.0,0.0
7,G23-8,23,841,0.0,1.0,-0.1414213562373095
8,G23-9,23,940,0.0,0.0,0.0
9,G23-10,23,1039,0.0,0.0,0.0
10,G23-11,23,1188,0.0,0.0,0.0
11,G23-12,23,1267,0.0,0.0,0.0
12,G23-13,23,1426,0.0,0.0,0.0
13,G23-14,23,1620,0.0,0.0,0.0
14,G23-15,23,1731,0.0,0.0,0.0
15,G23-16,23,1850,0.0,0.0,0.0
16,G23-17,23,1869,0.0,0.0,0.0
17,G23-18,23,2005,0.0,0.0,0.0
18,G23-19,23,2197,0.0,0.0,0.0
19,G23-20,23,2234,0.0,0.0,0.0
20,G23-21,23,2297,0.0,0.0,0.0
21,G23-22,23,2436,0.0,0.0,0.0
22,G23-23,23,2496,1.0,0.0,0.1414213562373095
23,G23-24,23,2639,1.0,0.0,0.1414213562373095
24,G23-25,23,2773,1.0,0.0,0.1414213562373095
25,G23-26,23,2838,1.0,0.0,0.1414213562373095
26,G23-27,23,2854,1.0,0.0,0.1414213562373095
27,G23-28,23,2926,0.0,0.0,0.0
28,G23-29,23,2983,0.0,0.0,0.0
29,G23-30,23,3044,0.0,0.0,0.0
30,G23-31,23,3065,0.0,0.0,0.0
31,G23-32,23,3199,0.0,0.0,0.0
32,G23-33,23,3356,0.0,0.0,0.0
33,G23-34,23,3456,0.0,0.0,0.0
34,G23-35,23,3615,0.0,0.0,0.0
35,G23-36,23,3654,0.0,0.0,0.0
36,G23-37,23,3840,0.0,0.0,0.0
37,G23-38,23,3980,0.0,0.0,0.0
38,G23-39,23,4100,0.0,0.0,0.0
39,G23-40,23,4148,0.0,0.0,0.0
40,G23-41,23,4336,0.0,0.0,0.0
41,G23-42,23,4411,0.0,0.0,0.0
42,G23-43,23,4465,0.0,0.0,0.0
43,G23-44,23,4622,0.0,0.0,0.0
44,G23-45,23,4639,0.0,0.0,0.0
45,G23-46,23,4774,0.0,0.0,0.0
46,G23-47,23,4819,0.0,0.0,0.0
47,G23-48,23,4911,0.0,1.0,-0.1414213562373095
48,G23-49,23,4920,0.0,0.0,0.0
49,G23-50,23,4967,0.0,0.0,0.0
0,G24-1,24,26,0.0,0.0,0.0
1,G24-2,24,200,0.0,0.0,0.0
2,G24-3,24,358,0.0,0.0,0.0
3,G24-4,24,415,0.0,0.0,0.0
4,G24-5,24,519,0.0,0.0,0.0
5,G24-6,24,596,0.0,0.0,0.0
6,G24-7,24,673,0.0,0.0,0.0
7,G24-8,24,846,0.0,0.0,0.0
8,G24-9,24,887,0.0,0.0,0.0
9,G24-10,24,913,0.0,0.0,0.0
10,G24-11,24,1010,0.0,1.0,0.1414213562373095
11,G24-12,24,1029,0.0,0.0,0.0
12,G24-13,24,1057,0.0,0.0,0.0
13,G24-14,24,1139,0.0,0.0,0.0
14,G24-15,24,1312,0.0,0.0,0.0
15,G24-16,24,1424,0.0,0.0,0.0
16,G24-17,24,1492,0.0,0.0,0.0
17,G24-18,24,1592,0.0,0.0,0.0
18,G24-19,24,1633,0.0,0.0,0.0
19,G24-20,24,1742,0.0,0.0,0.0
20,G24-21,24,1903,0.0,0.0,0.0
21,G24-22,24,1955,0.0,0.0,0.0
22,G24-23,24,2015,1.0,0.0,-0.1414213562373095
23,G24-24,24,2173,1.0,0.0,-0.1414213562373095
24,G24-25,24,2323,1.0,0.0,-0.1414213562373095
25,G24-26,24,2363,1.0,0.0,-0.1414213562373095
26,G24-27,24,2409,1.0,0.0,-0.1414213562373095
27,G24-28,24,2417,0.0,0.0,0.0
28,G24-29,24,2515,0.0,0.0,0.0
29,G24-30,24,2702,0.0,0.0,0.0
30,G24-31,24,2893,0.0,0.0,0.0
31,G24-32,24,2906,0.0,0.0,0.0
32,G24-33,24,2941,0.0,0.0,0.0
33,G24-34,24,3037,0.0,0.0,0.0
34,G24-35,24,3209,0.0,0.0,0.0
35,G24-36,24,3224,0.0,0.0,0.0
36,G24-37,24,3241,0.0,0.0,0.0
37,G24-38,24,3286,0.0,0.0,0.0
38,G24-39,24,3341,0.0,1.0,-0.1414213562373095
39,G24-40,24,3376,0.0,0.0,0.0
40,G24-41,24,3484,0.0,0.0,0.0
41,G24-42,24,3530,0.0,0.0,0.0
42,G24-43,24,3723,0.0,0.0,0.0
43,G24-44,24,3783,0.0,0.0,0.0
44,G24-45,24,3832,0.0,0.0,0.0
45,G24-46,24,3862,0.0,1.0,-0.1414213562373095
46,G24-47,24,4008,0.0,0.0,0.0
47,G24-48,24,4186,0.0,0.0,0.0
48,G24-49,24,4281,0.0,0.0,0.0
49,G24-50,24,4331,0.0,0.0,0.0
0,G25-1,25,42,0.0,0.0,0.0
1,G25-2,25,231,0.0,0.0,0.0
2,G25-3,25,307,0.0,0.0,0.0
3,G25-4,25,323,0.0,0.0,0.0
4,G25-5,25,379,0.0,1.0,-0.1414213562373095
5,G25-6,25,420,0.0,0.0,0.0
6,G25-7,25,532,0.0,0.0,0.0
7,G25-8,25,582,0.0,0.0,0.0
8,G25-9,25,741,0.0,1.0,-0.1414213562373095
9,G25-10,25,864,0.0,0.0,0.0
10,G25-11,25,937,0.0,0.0,0.0
11,G25-12,25,1099,0.0,0.0,0.0
12,G25-13,25,1188,0.0,0.0,0.0
13,G25-14,25,1194,0.0,0.0,0.0
14,G25-15,25,1350,0.0,0.0,0.0
15,G25-16,25,1380,0.0,0.0,0.0
16,G25-17,25,1480,0.0,0.0,0.0
17,G25-18,25,1581,0.0,0.0,0.0
18,G25-19,25,1630,0.0,0.0,0.0
19,G25-20,25,1694,0.0,0.0,0.0
20,G25-21,25,1817,0.0,0.0,0.0
21,G25-22,25,1869,0.0,0.0,0.0
22,G25-23,25,2065,1.0,0.0,-0.1414213562373095
23,G25-24,25,2163,1.0,0.0,-0.1414213562373095
24,G25-25,25,2362,1.0,0.0,-0.1414213562373095
25,G25-26,25,2424,1.0,0.0,-0.1414213562373095
26,G25-27,25,2535,1.0,0.0,-0.1414213562373095
27,G25-28,25,2702,0.0,0.0,0.0
28,G25-29,25,2766,0.0,0.0,0.0
29,G25-30,25,2771,0.0,0.0,0.0
30,G25-31,25,2933,0.0,0.0,0.0
31,G25-32,25,2960,0.0,0.0,0.0
32,G25-33,25,3047,0.0,0.0,0.0
33,G25-34,25,3218,0.0,0.0,0.0
34,G25-35,25,3315,0.0,0.0,0.0
35,G25-36,25,3508,0.0,0.0,0.0
36,G25-37,25,3613,0.0,0.0,0.0
37,G25-38,25,3807,0.0,0.0,0.0
38,G25-39,25,3901,0.0,0.0,0.0
39,G25-40,25,4086,0.0,0.0,0.0
40,G25-41,25,4120,0.0,0.0,0.0
41,G25-42,25,4141,0.0,0.0,0.0
42,G25-43,25,4215,0.0,0.0,0.0
43,G25-44,25,4351,0.0,1.0,0.1414213562373095
44,G25-45,25,4425,0.0,0.0,0.0
45,G25-46,25,4483,0.0,0.0,0.0
46,G25-47,25,4584,0.0,0.0,0.0
47,G25-48,25,4592,0.0,0.0,0.0
48,G25-49,25,4664,0.0,0.0,0.0
49,G25-50,25,4844,0.0,0.0,0.0
0,G26-1,26,103,0.0,0.0,0.0
1,G26-2,26,246,0.0,0.0,0.0
2,G26-3,26,416,0.0,0.0,0.0
3,G26-4,26,440,0.0,0.0,0.0
4,G26-5,26,592,0.0,1.0,0.1414213562373095
5,G26-6,26,688,0.0,0.0,0.0
6,G26-7,26,713,0.0,0.0,0.0
7,G26-8,26,813,0.0,0.0,0.0
8,G26-9,26,852,0.0,1.0,0.1414213562373095
9,G26-10,26,984,0.0,0.0,0.0
10,G26-11,26,1097,0.0,0.0,0.0
11,G26-12,26,1289,0.0,0.0,0.0
12,G26-13,26,1352,0.0,0.0,0.0
13,G26-14,26,1483,0.0,0.0,0.0
14,G26-15,26,1587,0.0,0.0,0.0
15,G26-16,26,1637,0.0,0.0,0.0
16,G26-17,26,1741,0.0,0.0,0.0
17,G26-18,26,1842,0.0,0.0,0.0
18,G26-19,26,1988,0.0,0.0,0.0
19,G26-20,26,2160,0.0,0.0,0.0
20,G26-21,26,2214,0.0,0.0,0.0
21,G26-22,26,2311,0.0,0.0,0.0
22,G26-23,26,2389,1.0,0.0,-0.1414213562373095
23,G26-24,26,2438,1.0,0.0,-0.1414213562373095
24,G26-25,26,2533,1.0,0.0,-0.1414213562373095
25,G26-26,26,2716,1.0,0.0,-0.1414213562373095
26,G26-27,26,2836,1.0,0.0,-0.1414213562373095
27,G26-28,26,2994,0.0,0.0,0.0
28,G26-29,26,3029,0.0,0.0,0.0
29,G26-30,26,3141,0.0,0.0,0.0
30,G26-31,26,3217,0.0,0.0,0.0
31,G26-32,26,3225,0.0,0.0,0.0
32,G26-33,26,3325,0.0,0.0,0.0
33,G26-34,26,3487,0.0,0.0,0.0
34,G26-35,26,3514,0.0,0.0,0.0
35,G26-36,26,3589,0.0,0.0,0.0
36,G26-37,26,3696,0.0,0.0,0.0
37,G26-38,26,3827,0.0,0.0,0.0
38,G26-39,26,3908,0.0,0.0,0.0
39,G26-40,26,4072,0.0,0.0,0.0
40,G26-41,26,4083,0.0,0.0,0.0
41,G26-42,26,4259,0.0,0.0,0.0
42,G26-43,26,4311,0.0,0.0,0.0
43,G26-44,26,4366,0.0,0.0,0.0
44,G26-45,26,4525,0.0,0.0,0.0
45,G26-46,26,4596,0.0,0.0,0.0
46,G26-47,26,4662,0.0,0.0,0.0
47,G26-48,26,4749,0.0,0.0,0.0
48,G26-49,26,4930,0.0,1.0,0.1414213562373095
49,G26-50,26,4944,0.0,0.0,0.0
0,G27-1,27,141,0.0,0.0,0.0
1,G27-2,27,251,0.0,0.0,0.0
2,G27-3,27,358,0.0,0.0,0.0
3,G27-4,27,465,0.0,0.0,0.0
4,G27-5,27,540,0.0,0.0,0.0
5,G27-6,27,650,0.0,0.0,0.0
6,G27-7,27,663,0.0,0.0,0.0
7,G27-8,27,676,0.0,0.0,0.0
8,G27-9,27,763,0.0,0.0,0.0
9,G27-10,27,858,0.0,0.0,0.0
10,G27-11,27,991,0.0,0.0,0.0
11,G27-12,27,1080,0.0,0.0,0.0
12,G27-13,27,1158,0.0,0.0,0.0
13,G27-14,27,1263,0.0,0.0,0.0
14,G27-15,27,1398,0.0,0.0,0.0
15,G27-16,27,1534,0.0,0.0,0.0
16,G27-17,27,1613,0.0,0.0,0.0
17,G27-18,27,1662,0.0,0.0,0.0
18,G27-19,27,1777,0.0,0.0,0.0
19,G27-20,27,1812,0.0,0.0,0.0
20,G27-21,27,1833,0.0,0.0,0.0
21,G27-22,27,1977,0.0,0.0,0.0
22,G27-23,27,2006,0.0,0.0,0.0
23,G27-24,27,2202,0.0,0.0,0.0
24,G27-25,27,2342,0.0,0.0,0.0
25,G27-26,27,2412,0.0,0.0,0.0
26,G27-27,27,2517,0.0,0.0,0.0
27,G27-28,27,2684,0.0,0.0,0.0
28,G27-29,27,2727,0.0,0.0,0.0
29,G27-30,27,2913,0.0,0.0,0.0
30,G27-31,27,2925,0.0,0.0,0.0
31,G27-32,27,2933,0.0,0.0,0.0
32,G27-33,27,3083,0.0,0.0,0.0
33,G27-34,27,3217,0.0,0.0,0.0
34,G27-35,27,3225,0.0,0.0,0.0
35,G27-36,27,3282,0.0,0.0,0.0
36,G27-37,27,3330,0.0,0.0,0.0
37,G27-38,27,3391,0.0,0.0,0.0
38,G27-39,27,3589,0.0,0.0,0.0
39,G27-40,27,3781,0.0,0.0,0.0
40,G27-41,27,3974,0.0,0.0,0.0
41,G27-42,27,4037,0.0,0.0,0.0
42,G27-43,27,4169,0.0,0.0,0.0
43,G27-44,27,4209,0.0,0.0,0.0
44,G27-45,27,4258,0.0,0.0,0.0
45,G27-46,27,4274,0.0,0.0,0.0
46,G27-47,27,4287,0.0,0.0,0.0
47,G27-48,27,4479,0.0,0.0,0.0
48,G27-49,27,4622,0.0,0.0,0.0
49,G27-50,27,4760,0.0,0.0,0.0
0,G28-1,28,179,0.0,0.0,0.0
1,G28-2,28,301,0.0,0.0,0.0
2,G28-3,28,487,0.0,0.0,0.0
3,G28-4,28,584,0.0,0.0,0.0
4,G28-5,28,711,0.0,0.0,0.0
5,G28-6,28,906,0.0,0.0,0.0
6,G28-7,28,939,0.0,0.0,0.0
7,G28-8,28,954,0.0,0.0,0.0
8,G28-9,28,991,0.0,0.0,0.0
9,G28-10,28,1054,0.0,0.0,0.0
10,G28-11,28,1126,0.0,0.0,0.0
11,G28-12,28,1288,0.0,0.0,0.0
12,G28-13,28,1408,0.0,0.0,0.0
13,G28-14,28,1493,0.0,0.0,0.0
14,G28-15,28,1614,0.0,0.0,0.0
15,G28-16,28,1730,0.0,0.0,0.0
16,G28-17,28,1843,0.0,0.0,0.0
17,G28-18,28,1920,0.0,0.0,0.0
18,G28-19,28,2078,0.0,0.0,0.0
19,G28-20,28,2131,0.0,0.0,0.0
20,G28-21,28,2159,0.0,0.0,0.0
21,G28-22,28,2252,0.0,0.0,0.0
22,G28-23,28,2448,0.0,0.0,0.0
23,G28-24,28,2560,0.0,0.0,0.0
24,G28-25,28,2627,0.0,0.0,0.0
25,G28-26,28,2655,0.0,0.0,0.0
26,G28-27,28,2696,0.0,0.0,0.0
27,G28-28,28,2864,0.0,0.0,0.0
28,G28-29,28,2978,0.0,0.0,0.0
29,G28-30,28,3123,0.0,0.0,0.0
30,G28-31,28,3226,0.0,0.0,0.0
31,G28-32,28,3362,0.0,0.0,0.0
32,G28-33,28,3531,0.0,0.0,0.0
33,G28-34,28,3715,0.0,0.0,0.0
34,G28-35,28,3816,0.0,0.0,0.0
35,G28-36,28,3971,0.0,0.0,0.0
36,G28-37,28,4079,0.0,0.0,0.0
37,G28-38,28,4176,0.0,0.0,0.0
38,G28-39,28,4273,0.0,0.0,0.0
39,G28-40,28,4340,0.0,0.0,0.0
40,G28-41,28,4443,0.0,0.0,0.0
41,G28-42,28,4640,0.0,0.0,0.0
42,G28-43,28,4784,0.0,0.0,0.0
43,G28-44,28,4955,0.0,0.0,0.0
44,G28-45,28,5139,0.0,0.0,0.0
45,G28-46,28,5271,0.0,0.0,0.0
46,G28-47,28,5307,0.0,0.0,0.0
47,G28-48,28,5500,0.0,0.0,0.0
48,G28-49,28,5644,0.0,0.0,0.0
49,G28-50,28,5701,0.0,0.0,0.0
0,G29-1,29,43,0.0,0.0,0.0
1,G29-2,29,223,0.0,0.0,0.0
2,G29-3,29,328,0.0,0.0,0.0
3,G29-4,29,385,0.0,0.0,0.0
4,G29-5,29,439,0.0,0.0,0.0
5,G29-6,29,534,0.0,0.0,0.0
6,G29-7,29,614,0.0,0.0,0.0
7,G29-8,29,735,0.0,0.0,0.0
8,G29-9,29,765,0.0,0.0,0.0
9,G29-10,29,840,0.0,0.0,0.0
10,G29-11,29,884,0.0,0.0,0.0
11,G29-12,29,1043,0.0,0.0,0.0
12,G29-13,29,1213,0.0,0.0,0.0
13,G29-14,29,1360,0.0,0.0,0.0
14,G29-15,29,1526,0.0,0.0,0.0
15,G29-16,29,1692,0.0,0.0,0.0
16,G29-17,29,1780,0.0,0.0,0.0
17,G29-18,29,1826,0.0,0.0,0.0
18,G29-19,29,2003,0.0,0.0,0.0
19,G29-20,29,2038,0.0,0.0,0.0
20,G29-21,29,2079,0.0,0.0,0.0
21,G29-22,29,2240,0.0,0.0,0.0
22,G29-23,29,2321,0.0,0.0,0.0
23,G29-24,29,2515,0.0,0.0,0.0
24,G29-25,29,2541,0.0,0.0,0.0
25,G29-26,29,2707,0.0,0.0,0.0
26,G29-27,29,2720,0.0,0.0,0.0
27,G29-28,29,2798,0.0,0.0,0.0
28,G29-29,29,2978,0.0,0.0,0.0
29,G29-30,29,3154,0.0,0.0,0.0
30,G29-31,29,3305,0.0,0.0,0.0
31,G29-32,29,3351,0.0,0.0,0.0
32,G29-33,29,3547,0.0,0.0,0.0
33,G29-34,29,3732,0.0,0.0,0.0
34,G29-35,29,3869,0.0,0.0,0.0
35,G29-36,29,3918,0.0,0.0,0.0
36,G29-37,29,3923,0.0,0.0,0.0
37,G29-38,29,4001,0.0,0.0,0.0
38,G29-39,29,4106,0.0,0.0,0.0
39,G29-40,29,4181,0.0,0.0,0.0
40,G29-41,29,4188,0.0,0.0,0.0
41,G29-42,29,4271,0.0,0.0,0.0
42,G29-43,29,4433,0.0,0.0,0.0
43,G29-44,29,4490,0.0,0.0,0.0
44,G29-45,29,4508,0.0,0.0,0.0
45,G29-46,29,4704,0.0,0.0,0.0
46,G29-47,29,4891,0.0,0.0,0.0
47,G29-48,29,5056,0.0,0.0,0.0
48,G29-49,29,5236,0.0,0.0,0.0
49,G29-50,29,5426,0.0,0.0,0.0
0,G30-1,30,137,0.0,0.0,0.0
1,G30-2,30,163,0.0,0.0,0.0
2,G30-3,30,187,0.0,0.0,0.0
3,G30-4,30,328,0.0,0.0,0.0
4,G30-5,30,450,0.0,0.0,0.0
5,G30-6,30,506,0.0,0.0,0.0
6,G30-7,30,549,0.0,0.0,0.0
7,G30-8,30,716,0.0,0.0,0.0
8,G30-9,30,729,0.0,0.0,0.0
9,G30-10,30,898,0.0,0.0,0.0
10,G30-11,30,924,0.0,0.0,0.0
11,G30-12,30,1080,0.0,0.0,0.0
12,G30-13,30,1113,0.0,0.0,0.0
13,G30-14,30,1256,0.0,0.0,0.0
14,G30-15,30,1296,0.0,0.0,0.0
15,G30-16,30,1402,0.0,0.0,0.0
16,G30-17,30,1575,0.0,0.0,0.0
17,G30-18,30,1743,0.0,0.0,0.0
18,G30-19,30,1924,0.0,0.0,0.0
19,G30-20,30,2100,0.0,0.0,0.0
20,G30-21,30,2157,0.0,0.0,0.0
21,G30-22,30,2344,0.0,0.0,0.0
22,G30-23,30,2505,0.0,0.0,0.0
23,G30-24,30,2557,0.0,0.0,0.0
24,G30-25,30,2675,0.0,0.0,0.0
25,G30-26,30,2811,0.0,0.0,0.0
26,G30-27,30,2853,0.0,0.0,0.0
27,G30-28,30,2972,0.0,0.0,0.0
28,G30-29,30,3016,0.0,0.0,0.0
29,G30-30,30,3131,0.0,0.0,0.0
30,G30-31,30,3326,0.0,0.0,0.0
31,G30-32,30,3394,0.0,0.0,0.0
32,G30-33,30,3511,0.0,0.0,0.0
33,G30-34,30,3541,0.0,0.0,0.0
34,G30-35,30,3714,0.0,0.0,0.0
35,G30-36,30,3737,0.0,0.0,0.0
36,G30-37,30,3865,0.0,0.0,0.0
37,G30-38,30,3998,0.0,0.0,0.0
38,G30-39,30,4110,0.0,0.0,0.0
39,G30-40,30,4127,0.0,0.0,0.0
40,G30-41,30,4313,0.0,0.0,0.0
41,G30-42,30,4466,0.0,0.0,0.0
42,G30-43,30,4512,0.0,0.0,0.0
43,G30-44,30,4659,0.0,0.0,0.0
44,G30-45,30,4679,0.0,0.0,0.0
45,G30-46,30,4785,0.0,0.0,0.0
46,G30-47,30,4874,0.0,0.0,0.0
47,G30-48,30,4934,0.0,0.0,0.0
48,G30-49,30,5041,0.0,0.0,0.0
49,G30-50,30,5056,0.0,0.0,0.0
